freq_GHz,S21_dB,S11_dB
0.5,-1.71449465403543,-4.86556383089007
0.505,-1.73734739108241,-4.81873005095953
0.51,-1.76010280799182,-4.77283256546664
0.515,-1.78275675246973,-4.72785110126502
0.52,-1.80530515892195,-4.68376596015037
0.525,-1.82774404739531,-4.64055799942522
0.53,-1.85006952249433,-4.59820861331273
0.535,-1.8722777722737,-4.55669971517314
0.54,-1.89436506711124,-4.5160137204791
0.545,-1.91632775856211,-4.47613353050957
0.55,-1.93816227819786,-4.43704251672418
0.555,-1.95986513643154,-4.39872450578252
0.56,-1.98143292133172,-4.36116376517509
0.565,-2.00286229742682,-4.32434498943487
0.57,-2.02415000450225,-4.2882532869001
0.575,-2.04529285639146,-4.25287416700106
0.58,-2.0662877397633,-4.21819352804501
0.585,-2.08713161290703,-4.18419764547504
0.59,-2.10782150451623,-4.15087316058043
0.595,-2.12835451247335,-4.11820706963667
0.6,-2.14872780263679,-4.08618671345551
0.605,-2.16893860763035,-4.05479976732577
0.61,-2.18898422563774,-4.02403423132704
0.615,-2.20886201920254,-3.99387842099975
0.62,-2.22856941403476,-3.96432095835536
0.625,-2.2481038978251,-3.93535076321186
0.63,-2.26746301906772,-3.90695704484026
0.635,-2.2866443858925,-3.87912929390892
0.64,-2.30564566490757,-3.85185727471272
0.645,-2.32446458005267,-3.82513101767532
0.65,-2.34309891146433,-3.79894081211295
0.655,-2.36154649435331,-3.77327719924922
0.66,-2.37980521789491,-3.74813096547036
0.665,-2.39787302413276,-3.72349313581155
0.67,-2.41574790689657,-3.69935496766507
0.675,-2.43342791073401,-3.67570794470121
0.68,-2.45091112985784,-3.65254377099428
0.685,-2.46819570710764,-3.62985436534509
0.69,-2.48527983292768,-3.60763185579308
0.695,-2.5021617443598,-3.58586857431033
0.7,-2.5188397240531,-3.56455705167128
0.705,-2.53531209928932,-3.54369001249107
0.71,-2.5515772410253,-3.52326037042688
0.715,-2.56763356295146,-3.50326122353588
0.72,-2.5834795205675,-3.48368584978464
0.725,-2.59911361027515,-3.46452770270427
0.73,-2.61453436848772,-3.44578040718639
0.735,-2.62974037075669,-3.42743775541498
0.74,-2.64473023091594,-3.40949370292947
0.745,-2.65950260024279,-3.39194236481449
0.75,-2.67405616663661,-3.37477801201223
0.755,-2.68838965381438,-3.35799506775307
0.76,-2.70250182052406,-3.34158810410094
0.765,-2.71639145977458,-3.3255518386091
0.77,-2.73005739808359,-3.30988113108345
0.775,-2.74349849474207,-3.29457098044937
0.78,-2.75671364109631,-3.27961652171912
0.785,-2.76970175984677,-3.26501302305658
0.79,-2.78246180436412,-3.25075588293624
0.795,-2.79499275802204,-3.23684062739366
0.8,-2.80729363354711,-3.22326290736447
0.805,-2.81936347238514,-3.21001849610957
0.81,-2.83120134408437,-3.19710328672346
0.815,-2.84280634569527,-3.18451328972373
0.82,-2.85417760118654,-3.17224463071916
0.825,-2.86531426087782,-3.16029354815405
0.83,-2.87621550088826,-3.1486563911269
0.835,-2.88688052260138,-3.13732961728111
0.84,-2.89730855214597,-3.12630979076565
0.845,-2.90749883989289,-3.11559358026422
0.85,-2.91745065996739,-3.10517775709048
0.855,-2.92716330977753,-3.09505919334785
0.86,-2.93663610955752,-3.08523486015227
0.865,-2.94586840192707,-3.07570182591612
0.87,-2.95485955146567,-3.06645725469171
0.875,-2.96360894430217,-3.05749840457295
0.88,-2.9721159877194,-3.04882262615368
0.885,-2.98038010977373,-3.04042736104116
0.89,-2.98840075892963,-3.03231014042365
0.895,-2.99617740370849,-3.02446858369039
0.9,-3.00370953235281,-3.01690039710317
0.905,-3.01099665250429,-3.00960337251791
0.91,-3.01803829089663,-3.00257538615535
0.915,-3.02483399306255,-2.9958143974197
0.92,-3.03138332305522,-2.98931844776412
0.925,-3.03768586318376,-2.98308565960193
0.93,-3.04374121376268,-2.977114235263
0.935,-3.0495489928756,-2.97140245599373
0.94,-3.05510883615249,-2.96594868100024
0.945,-3.06042039656143,-2.96075134653375
0.95,-3.06548334421321,-2.95580896501711
0.955,-3.07029736618062,-2.95112012421209
0.96,-3.07486216633069,-2.94668348642623
0.965,-3.07917746517108,-2.94249778775877
0.97,-3.08324299970957,-2.93856183738501
0.975,-3.08705852332749,-2.9348745168781
0.98,-3.09062380566639,-2.93143477956798
0.985,-3.09393863252843,-2.92824164993667
0.99,-3.0970028057899,-2.92529422304916
0.995,-3.09981614332845,-2.9225916640197
1.0,-3.10237847896367,-2.92013320751259
1.005,-3.10468966241102,-2.91791815727718
1.01,-3.10674955924925,-2.91594588571629
1.015,-3.10855805090121,-2.91421583348799
1.02,-3.11011503462817,-2.91272750913985
1.025,-3.1114204235374,-2.91148048877547
1.03,-3.11247414660352,-2.9104744157528
1.035,-3.113276148703,-2.90970900041368
1.04,-3.11382639066254,-2.90918401984462
1.045,-3.11412484932096,-2.90889931766801
1.05,-3.11417151760443,-2.90885480386341
1.055,-3.11396640461573,-2.90905045461906
1.06,-3.11350953573709,-2.90948631221269
1.065,-3.11280095274708,-2.91016248492154
1.07,-3.11184071395075,-2.91107914696147
1.075,-3.11062889432459,-2.91223653845445
1.08,-3.10916558567485,-2.91363496542449
1.085,-3.10745089681031,-2.91527479982156
1.09,-3.10548495372923,-2.9171564795732
1.095,-3.10326789982048,-2.91928050866362
1.1,-3.10079989607941,-2.92164745724007
1.105,-3.09808112133787,-2.92425796174606
1.11,-3.09511177250923,-2.92711272508126
1.115,-3.09189206484797,-2.93021251678784
1.12,-3.08842223222432,-2.93355817326295
1.125,-3.08470252741376,-2.93715059799722
1.13,-3.08073322240196,-2.94099076183858
1.135,-3.07651460870481,-2.94507970328191
1.14,-3.072046997704,-2.9494185287834
1.145,-3.06733072099834,-2.95400841309994
1.15,-3.06236613077057,-2.95885059965302
1.155,-3.05715360017043,-2.96394640091692
1.16,-3.05169352371378,-2.96929719883078
1.165,-3.04598631769763,-2.97490444523434
1.17,-3.0400324206321,-2.980769662327
1.175,-3.03383229368877,-2.98689444314985
1.18,-3.02738642116582,-2.9932804520902
1.185,-3.02069531097013,-2.99992942540837
1.19,-3.01375949511661,-3.00684317178627
1.195,-3.00657953024483,-3.01402357289721
1.2,-2.9991559981532,-3.02147258399672
1.205,-2.99148950635083,-3.02919223453362
1.21,-2.9835806886273,-3.03718462878087
1.215,-2.97543020564055,-3.0454519464857
1.22,-2.96703874552295,-3.05399644353844
1.225,-2.95840702450598,-3.06282045265916
1.23,-2.94953578756345,-3.0719263841014
1.235,-2.94042580907355,-3.08131672637278
1.24,-2.93107789349978,-3.0909940469706
1.245,-2.92149287609153,-3.10096099313275
1.25,-2.91167162360339,-3.11122029260197
1.255,-2.90161503503435,-3.12177475440283
1.26,-2.89132404238662,-3.13262726963047
1.265,-2.88079961144429,-3.14378081224959
1.27,-2.87004274257186,-3.15523843990243
1.275,-2.85905447153306,-3.16700329472461
1.28,-2.84783587032969,-3.17907860416683
1.285,-2.83638804806115,-3.19146768182139
1.29,-2.82471215180402,-3.20417392825138
1.295,-2.8128093675126,-3.21720083182073
1.3,-2.80068092093989,-3.23055196952307
1.305,-2.78832807857919,-3.24423100780766
1.31,-2.77575214862662,-3.25824170339926
1.315,-2.76295448196444,-3.27258790411019
1.32,-2.74993647316487,-3.28727354964141
1.325,-2.7366995615151,-3.30230267236997
1.33,-2.72324523206255,-3.31767939811982
1.335,-2.70957501668127,-3.33340794691207
1.34,-2.69569049515861,-3.34949263369205
1.345,-2.68159329630238,-3.36593786902848
1.35,-2.66728509906837,-3.38274815978131
1.355,-2.65276763370815,-3.39992810973338
1.36,-2.63804268293647,-3.41748242018133
1.365,-2.62311208311841,-3.43541589048097
1.37,-2.60797772547618,-3.45373341854132
1.375,-2.59264155731442,-3.47244000126175
1.38,-2.57710558326459,-3.49154073490597
1.385,-2.56137186654732,-3.51104081540652
1.39,-2.54544253025245,-3.53094553859205
1.395,-2.52931975863651,-3.55126030033063
1.4,-2.51300579843652,-3.57199059658034
1.405,-2.49650296019976,-3.59314202333882
1.41,-2.4798136196291,-3.61472027648252
1.415,-2.4629402189422,-3.63673115148547
1.42,-2.44588526824487,-3.65918054300766
1.425,-2.4286513469168,-3.68207444434103
1.43,-2.41124110500901,-3.70541894670145
1.435,-2.39365726465203,-3.72922023835393
1.44,-2.37590262147338,-3.7534846035569
1.445,-2.35798004602329,-3.77821842131157
1.45,-2.33989248520738,-3.80342816390004
1.455,-2.32164296372465,-3.82912039519622
1.46,-2.30323458550932,-3.85530176873124
1.465,-2.28467053517518,-3.88197902549479
1.47,-2.2659540794602,-3.90915899145203
1.475,-2.24708856866994,-3.9368485747544
1.48,-2.2280774381176,-3.96505476262222
1.485,-2.20892420955878,-3.99378461787331
1.49,-2.18963249261861,-4.02304527507295
1.495,-2.17020598620894,-4.05284393627664
1.5,-2.15064847993316,-4.08318786633687
1.505,-2.13096385547611,-4.11408438774164
1.51,-2.11115608797617,-4.14554087495248
1.515,-2.09122924737693,-4.17756474820559
1.52,-2.07118749975498,-4.21016346673875
1.525,-2.05103510862138,-4.24334452140407
1.53,-2.03077643619251,-4.27711542662369
1.535,-2.01041594462786,-4.31148371164341
1.54,-1.98995819723032,-4.34645691103599
1.545,-1.9694078596057,-4.38204255440358
1.55,-1.94876970077723,-4.41824815522494
1.555,-1.92804859425118,-4.45508119879015
1.56,-1.90724951902923,-4.49254912916252
1.565,-1.88637756056305,-4.53065933510298
1.57,-1.86543791164675,-4.56941913488927
1.575,-1.84443587324235,-4.60883575995822
1.58,-1.82337685523323,-4.64891633729477
1.585,-1.80226637710085,-4.68966787048815
1.59,-1.78111006851909,-4.73109721937038
1.595,-1.75991366986132,-4.77321107814819
1.6,-1.73868303261418,-4.81601595193484
1.605,-1.71742411969305,-4.85951813158343
1.61,-1.69614300565276,-4.90372366671832
1.615,-1.67484587678833,-4.9486383368567
1.62,-1.65353903111903,-4.99426762050679
1.625,-1.63222887825022,-5.04061666212516
1.63,-1.61092193910641,-5.0876902368093
1.635,-1.58962484552946,-5.13549271259802
1.64,-1.56834433973524,-5.18402801024674
1.645,-1.54708727362269,-5.23329956034086
1.65,-1.52586060792853,-5.2833102576055
1.655,-1.50467141122133,-5.33406241226676
1.66,-1.48352685872832,-5.38555769831643
1.665,-1.4624342309884,-5.43779709852946
1.67,-1.44140091232527,-5.49078084608123
1.675,-1.42043438913382,-5.54450836261257
1.68,-1.39954224797384,-5.59897819258981
1.685,-1.37873217346487,-5.65418793380912
1.69,-1.35801194597595,-5.71013416389961
1.695,-1.33738943910459,-5.76681236268427
1.7,-1.31687261693937,-5.82421683026734
1.705,-1.29646953110061,-5.88234060072638
1.71,-1.27618831755403,-5.94117535130366
1.715,-1.25603719319253,-6.00071130700782
1.72,-1.23602445218177,-6.06093714056082
1.725,-1.21615846206517,-6.12183986765101
1.73,-1.19644765962491,-6.18340473748661
1.735,-1.17690054649533,-6.24561511868283
1.74,-1.15752568452643,-6.30845238056129
1.745,-1.13833169089484,-6.37189576999335
1.75,-1.11932723296092,-6.43592228398169
1.755,-1.10052102287078,-6.50050653824465
1.76,-1.0819218119029,-6.56562063214909
1.765,-1.06353838455965,-6.63123401042939
1.77,-1.04537955240492,-6.69731332223456
1.775,-1.02745414764934,-6.76382227816028
1.78,-1.00977101648608,-6.83072150605258
1.785,-0.992339012180375,-6.8979684065121
1.79,-0.975166987917421,-6.96551700918444
1.795,-0.958263789413454,-7.03331783109148
1.8,-0.941638247296691,-7.10131773844239
1.805,-0.925299169264711,-7.16945981355946
1.81,-0.909255332026772,-7.23768322876
1.815,-0.893515473039808,-7.30592312925388
1.82,-0.878088282048497,-7.37411052733885
1.825,-0.862982392440096,-7.44217221040271
1.83,-0.848206372426533,-7.51003066546863
1.835,-0.833768716066481,-7.57760402323728
1.84,-0.819677834141835,-7.64480602478858
1.845,-0.805942044903428,-7.71154601428942
1.85,-0.792569564702254,-7.77772896121162
1.855,-0.779568498523071,-7.84325551568093
1.86,-0.766946830438357,-7.90802210064292
1.865,-0.754712414001579,-7.97192104453631
1.87,-0.742872962599079,-8.0348407580914
1.875,-0.731436039781453,-8.0966659587101
1.88,-0.72040904959518,-8.15727794562326
1.885,-0.709799226936692,-8.21655492864529
1.89,-0.69961362795105,-8.27437241284708
1.895,-0.689859120498339,-8.33060364083716
1.9,-0.680542374711109,-8.38512009357462
1.905,-0.67166985366668,-8.43779204972822
1.91,-0.66324780419836,-8.48848920256019
1.915,-0.65528224786961,-8.53708133214762
1.92,-0.647778972135641,-8.58343902948483
1.925,-0.640743521716558,-8.62743446765791
1.93,-0.634181190206109,-8.6689422138789
1.935,-0.628097011940007,-8.70784007474846
1.94,-0.622495754147193,-8.74400996573394
1.945,-0.617381909407104,-8.77733879454399
1.95,-0.612759688435387,-8.80771934691867
1.955,-0.60863301321976,-8.8350511623739
1.96,-0.605005510526958,-8.85924138671235
1.965,-0.601880505800802,-8.88020558767189
1.97,-0.599261017470394,-8.89786851998071
1.975,-0.59714975168626,-8.91216482635005
1.98,-0.595549097501214,-8.923039661579
1.985,-0.594461122511232,-8.93044922797493
1.99,-0.593887568970346,-8.93436121169114
1.995,-0.593829850392103,-8.93475511131863
2.0,-0.594289048648497,-8.93162245209333
2.005,-0.595265911575851,-8.92496688133139
2.01,-0.596760851095306,-8.91480414310744
2.015,-0.598773941854023,-8.90116193266296
2.02,-0.601304920391345,-8.88407963348644
2.025,-0.604353184832579,-8.86360794236089
2.03,-0.607917795111057,-8.83980838984514
2.035,-0.611997473717631,-8.8127527655739
2.04,-0.616590606974767,-8.78252245937184
2.045,-0.621695246830795,-8.74920773043272
2.05,-0.62730911316803,-8.71290691769613
2.055,-0.633429596616949,-8.67372560504722
2.06,-0.640053761866747,-8.63177575508321
2.065,-0.647178351461245,-8.58717482495081
2.07,-0.654799790067362,-8.54004487720246
2.075,-0.662914189202082,-8.49051169778586
2.08,-0.671517352402406,-8.43870393222502
2.085,-0.680604780821404,-8.38475224982433
2.09,-0.690171679232433,-8.32878854438636
2.095,-0.700212962422346,-8.27094517852997
2.1,-0.710723261953578,-8.21135427727812
2.105,-0.72169693327405,-8.15014707519497
2.11,-0.733128063153113,-8.08745332002773
2.115,-0.745010477420923,-8.02340073457699
2.12,-0.757337748988289,-7.95811453740081
2.125,-0.770103206123294,-7.8917170219692
2.13,-0.783299940960919,-7.82432719303226
2.135,-0.796920818221423,-7.75606045824933
2.14,-0.810958484113299,-7.68702837254773
2.145,-0.825405375396408,-7.61733843222871
2.15,-0.840253728581165,-7.54709391550791
2.155,-0.855495589239681,-7.47639376595588
2.16,-0.871122821405108,-7.40533251517888
2.165,-0.887127117035793,-7.33400024103863
2.17,-0.903500005521254,-7.26248255773702
2.175,-0.920232863207645,-7.19086063418101
2.18,-0.937316922920759,-7.1192112371729
2.185,-0.954743283465581,-7.04760679614229
2.19,-0.972502919081824,-6.97611548632952
2.195,-0.990586688836009,-6.90480132754288
2.2,-1.00898534593114,-6.83372429583412
2.205,-1.02768954691624,-6.76294044566464
2.21,-1.04668986077863,-6.69250204035921
2.215,-1.0659767779031,-6.62245768886694
2.22,-1.08554071888278,-6.55285248706158
2.225,-1.10537204316771,-6.48372816201656
2.23,-1.12546105753816,-6.41512321788215
2.235,-1.14579802439046,-6.34707308216973
2.24,-1.16637316982452,-6.27961025141325
2.245,-1.18717669152294,-6.21276443532899
2.25,-1.20819876641262,-6.14656269873274
2.255,-1.22942955810106,-6.08102960059628
2.26,-1.25085922407999,-6.01618732973821
2.265,-1.27247792269055,-5.95205583674178
2.27,-1.29427581984453,-5.88865296178139
2.275,-1.3162430954976,-5.825994558116
2.28,-1.33836994987108,-5.76409461107597
2.285,-1.36064660941947,-5.70296535242779
2.29,-1.38306333254227,-5.64261737005244
2.295,-1.40561041503886,-5.58305971291556
2.3,-1.42827819530612,-5.52429999134523
2.305,-1.45105705927939,-5.466344472663
2.31,-1.47393744511761,-5.40919817224035
2.315,-1.49690984763446,-5.35286494007268
2.32,-1.51996482247754,-5.29734754298114
2.325,-1.54309299005866,-5.24264774256477
2.33,-1.56628503923805,-5.1887663690367
2.335,-1.58953173076669,-5.13570339108532
2.34,-1.61282390049046,-5.08345798190677
2.345,-1.63615246232085,-5.03202858155875
2.35,-1.65950841097696,-4.98141295578715
2.355,-1.682882824504,-4.93160825147737
2.36,-1.70626686657351,-4.8826110488818
2.365,-1.72965178857126,-4.83441741077228
2.37,-1.75302893147829,-4.7870229286649
2.375,-1.77638972755141,-4.74042276626016
2.38,-1.79972570180912,-4.69461170023888
2.385,-1.8230284733293,-4.64958415854898
2.39,-1.84628975636505,-4.60533425631503
2.395,-1.8695013612849,-4.56185582949665
2.4,-1.89265519534424,-4.51914246641842
2.405,-1.91574326329391,-4.47718753728766
2.41,-1.93875766783301,-4.43598422181278
2.415,-1.96169060991181,-4.39552553502952
2.42,-1.98453438889158,-4.35580435143738
2.425,-2.00728140256758,-4.31681342754459
2.43,-2.02992414706135,-4.2785454229143
2.435,-2.05245521658876,-4.24099291980116
2.44,-2.0748673031097,-4.20414844146231
2.445,-2.09715319586556,-4.16800446922325
2.45,-2.11930578081028,-4.13255345837418
2.455,-2.14131803994091,-4.09778785296937
2.46,-2.16318305053315,-4.0637000995975
2.465,-2.18489398428736,-4.03028266018805
2.47,-2.20644410639061,-3.9975280239147
2.475,-2.22782677449978,-3.96542871825399
2.48,-2.24903543765085,-3.93397731925389
2.485,-2.27006363509925,-3.90316646106427
2.49,-2.29090499509625,-3.87298884477813
2.495,-2.31155323360561,-3.8434372466302
2.5,-2.33200215296529,-3.81450452559642
2.505,-2.35224564049844,-3.7861836304357
2.51,-2.37227766707757,-3.75846760621335
2.515,-2.39209228564642,-3.73134960034247
2.52,-2.41168362970264,-3.70482286817905
2.525,-2.43104591174584,-3.67888077820279
2.53,-2.45017342169369,-3.65351681681554
2.535,-2.46906052527023,-3.62872459278642
2.54,-2.48770166236908,-3.60449784137155
2.545,-2.50609134539508,-3.58083042813463
2.55,-2.52422415758713,-3.55771635249338
2.555,-2.54209475132521,-3.5351497510155
2.56,-2.55969784642425,-3.51312490048611
2.565,-2.5770282284176,-3.49163622076829
2.57,-2.59408074683246,-3.47067827747648
2.575,-2.61085031345979,-3.45024578448189
2.58,-2.62733190062096,-3.43033360626808
2.585,-2.6435205394333,-3.41093676015381
2.59,-2.65941131807679,-3.39205041839971
2.595,-2.67499938006365,-3.37366991021431
2.6,-2.69027992251309,-3.35579072367423
2.605,-2.70524819443277,-3.33840850757336
2.61,-2.71989949500894,-3.3215190732139
2.615,-2.73422917190689,-3.30511839615312
2.62,-2.74823261958331,-3.28920261791814
2.625,-2.76190527761234,-3.27376804770107
2.63,-2.77524262902661,-3.25881116404599
2.635,-2.78824019867488,-3.24432861653982
2.64,-2.80089355159777,-3.23031722751743
2.645,-2.81319829142291,-3.21677399379239
2.65,-2.82515005878093,-3.20369608842371
2.655,-2.8367445297437,-3.19108086252884
2.66,-2.84797741428611,-3.17892584715336
2.665,-2.85884445477272,-3.1672287552073
2.67,-2.86934142447071,-3.15598748347811
2.675,-2.87946412609033,-3.14520011473011
2.68,-2.88920839035435,-3.13486491990046
2.685,-2.89857007459768,-3.12498036040154
2.69,-2.90754506139869,-3.11554509053954
2.695,-2.91612925724364,-3.10655796005948
2.7,-2.92431859122552,-3.09801801682671
2.705,-2.93210901377888,-3.08992450965528
2.71,-2.93949649545229,-3.08227689129351
2.715,-2.94647702571975,-3.07507482157777
2.72,-2.95304661183292,-3.06831817076515
2.725,-2.95920127771587,-3.06200702305651
2.73,-2.96493706290409,-3.05614168032157
2.735,-2.97025002152964,-3.05072266603774
2.74,-2.97513622135455,-3.04575072945571
2.745,-2.97959174285447,-3.0412268500041
2.75,-2.98361267835476,-3.03715224194707
2.755,-2.98719513122157,-3.03352835930863
2.76,-2.99033521511012,-3.03035690107843
2.765,-2.99302905327301,-3.02763981671424
2.77,-2.99527277793126,-3.02537931195711
2.775,-2.99706252971117,-3.02357785497622
2.78,-2.99839445715,-3.02223818286068
2.785,-2.99926471627393,-3.02136330847749
2.79,-2.99966947025188,-3.02095652771448
2.795,-2.99960488912895,-3.02102142712948
2.8,-2.99906714964355,-3.02156189202712
2.805,-2.99805243513261,-3.02258211498651
2.81,-2.9965569355293,-3.02408660486389
2.815,-2.99457684745832,-3.02608019629624
2.82,-2.99210837443398,-3.02856805973285
2.825,-2.98914772716647,-3.0315557120241
2.83,-2.98569112398246,-3.03504902759771
2.835,-2.98173479136622,-3.0390542502554
2.84,-2.97727496462795,-3.04357800562411
2.845,-2.97230788870675,-3.04862731429909
2.85,-2.96682981911548,-3.05420960571735
2.855,-2.96083702303605,-3.06033273280338
2.86,-2.95432578057345,-3.06700498743149
2.865,-2.94729238617812,-3.07423511675174
2.87,-2.93973315024624,-3.08203234042991
2.875,-2.93164440090842,-3.0904063688552
2.88,-2.9230224860181,-3.09936742237274
2.885,-2.91386377535156,-3.1089262516023
2.89,-2.90416466303182,-3.11909415890848
2.895,-2.89392157019037,-3.12988302109215
2.9,-2.8831309478807,-3.14130531337793
2.905,-2.87178928025899,-3.15337413477783
2.91,-2.85989308804808,-3.16610323491648
2.915,-2.84743893230211,-3.17950704241005
2.92,-2.8344234184899,-3.19360069489692
2.925,-2.8208432009167,-3.2084000708261
2.93,-2.8066949875049,-3.22392182311655
2.935,-2.79197554495578,-3.24018341480909
2.94,-2.77668170431552,-3.25720315684223
2.945,-2.76081036697025,-3.2750002480922
2.95,-2.74435851109659,-3.29359481782922
2.955,-2.72732319859538,-3.31300797075295
2.96,-2.70970158253833,-3.33326183478333
2.965,-2.69149091515896,-3.35437961179646
2.97,-2.67268855642111,-3.37638563151059
2.975,-2.65329198320016,-3.39930540874335
2.98,-2.6332987991144,-3.42316570427999
2.985,-2.61270674504605,-3.44799458961114
2.99,-2.59151371039357,-3.47382151582091
2.995,-2.56971774509948,-3.50067738692934
3.0,-2.54731707250048,-3.52859463801889
3.01,-2.50069544896683,-3.58775118091473
3.02,-2.45163863927784,-3.6515845524005
3.03,-2.40014019643497,-3.72041860066301
3.04,-2.3461980145792,-3.79461120207015
3.05,-2.28981499556635,-3.87455836787138
3.06,-2.23099980302251,-3.96069895932398
3.07,-2.16976771479388,-4.0535201167927
3.08,-2.10614158350574,-4.15356353373247
3.09,-2.04015291763142,-4.26143273194803
3.1,-1.97184309549063,-4.37780153088082
3.11,-1.90126472380773,-4.50342395116432
3.12,-1.82848315578936,-4.63914584568074
3.13,-1.75357817981798,-4.78591863288315
3.14,-1.6766458926797,-4.94481559970162
3.15,-1.59780076767654,-5.11705137539346
3.16,-1.51717792683333,-5.30400534978492
3.17,-1.43493562254202,-5.50725004568093
3.18,-1.35125792912847,-5.7285857778731
3.19,-1.26635763856605,-5.97008337782962
3.2,-1.18047934370514,-6.23413739918339
3.21,-1.09390268160143,-6.52353312085115
3.22,-1.00694569321923,-6.84153198365083
3.23,-0.919968236741602,-7.19198204666372
3.24,-0.833375367214877,-7.57946300031434
3.25,-0.747620568504968,-8.00947981393282
3.26,-0.663208689216801,-8.48872627500886
3.27,-0.580698401147029,-9.02545125858301
3.28,-0.500703957951655,-9.62997982949082
3.29,-0.423895996536323,-10.3154741552654
3.3,-0.351001088804221,-11.0990770746537
3.31,-0.282799726010392,-12.0036858644341
3.32,-0.220122410081148,-13.0607968646681
3.33,-0.163843535259147,-14.315214230913
3.34,-0.114872789091104,-15.8329812489215
3.35,-0.0741438784473517,-17.7141093093306
3.36,-0.0426005091688692,-20.1049780572033
3.37,-0.0211797128511796,-23.1292279880586
3.38,-0.0107928171610644,-26.0518902057523
3.39,-0.0123045868486364,-25.4833235941775
3.4,-0.0265112980232218,-22.1567821007734
3.41,-0.054118722770737,-19.0713989900993
3.42,-0.0957211619308357,-16.6155361704984
3.43,-0.151782739665248,-14.64128958072
3.44,-0.222622140841803,-13.0129951558896
3.45,-0.3084018169764,-11.639962267723
3.46,-0.409122421054623,-10.4622657629237
3.47,-0.524622871024213,-9.43904209414283
3.48,-0.654586037738592,-8.5413586242057
3.49,-0.798549646413393,-7.74798245846162
3.5,-0.955921624930946,-7.04281763876924
3.51,-1.12599886653502,-6.41330570924809
3.52,-1.30798822527908,-5.84939735816103
3.53,-1.501028529143,-5.34287303949376
3.54,-1.70421247928122,-4.88688306675281
3.55,-1.91660745764355,-4.47562929608667
3.56,-2.13727449288529,-4.10414012752949
3.57,-2.36528485628532,-3.76810816936985
3.58,-2.59973400152223,-3.46377062887068
3.59,-2.83975275825164,-3.18781926063977
3.6,-3.08451585102786,-2.93733104621119
3.61,-3.33324794609963,-2.70971361367413
3.62,-3.5852274929313,-2.50266131793326
3.63,-3.83978868164597,-2.3141191614084
3.64,-4.09632184027249,-2.14225260776532
3.65,-4.3542725895977,-1.98542192342377
3.66,-4.61314004747398,-1.84216008266485
3.67,-4.87247433844113,-1.71115354627974
3.68,-5.13187363322968,-1.59122540683089
3.69,-5.39098089482283,-1.48132052703033
3.7,-5.64948048265714,-1.38049238007472
3.71,-5.90709472596634,-1.28789136641642
3.72,-6.1635805576086,-1.20275442112924
3.73,-6.41872626608677,-1.12439576119403
3.74,-6.67234841574638,-1.05219864079719
3.75,-6.92428896083315,-0.985608003745653
3.76,-7.1744125710719,-0.92412393452138
3.77,-7.42260418183882,-0.86729582005681
3.78,-7.66876676430057,-0.814717146814735
3.79,-7.91281932002294,-0.766020862577792
3.8,-8.1546950952276,-0.720875241601179
3.81,-8.394340008404,-0.678980198170492
3.82,-8.63171128893723,-0.640063998643576
3.83,-8.86677632477785,-0.603880327565301
3.84,-9.09951171981224,-0.57020566810476
3.85,-9.32990256952903,-0.538836960672888
3.86,-9.55794195664995,-0.509589509023693
3.87,-9.78363069891963,-0.482295103092349
3.88,-10.006977367613,-0.456800334050591
3.89,-10.2279986178688,-0.432965077868803
3.9,-10.4467198936172,-0.410661125244503
3.91,-10.663176577927,-0.389770938929542
3.92,-10.8774157000768,-0.370186519317192
3.93,-11.0894983344736,-0.351808361349668
3.94,-11.2995028907326,-0.334544484736386
3.95,-11.5075295394022,-0.318309521246567
3.96,-11.7137061261683,-0.303023840354953
3.97,-11.9181960298317,-0.288612694684926
3.98,-12.1212085850982,-0.275005364202614
3.99,-12.3230129172646,-0.262134274879617
4.0,-12.5239563163525,-0.249934065179366
4.01,-12.724488711288,-0.238340567692795
4.02,-12.9251953382688,-0.227289670160471
4.03,-13.1268404740634,-0.216716014913044
4.04,-13.3304261250382,-0.206551494895289
4.05,-13.5372709283702,-0.19672351030932
4.06,-13.7491163174889,-0.187152970242551
4.07,-13.96826926019,-0.177752073712557
4.08,-14.1977935169433,-0.168422009914197
4.09,-14.4417641663696,-0.159050914403351
4.1,-14.7056021932356,-0.149512768701762
4.11,-14.9965056327539,-0.139668496312248
4.12,-15.3239877653128,-0.129371330260669
4.13,-15.7005162319365,-0.118479495252989
4.14,-16.1422134606974,-0.106879890494124
4.15,-16.6695259124604,-0.0945255966881106
4.16,-17.3077100376029,-0.081485666184695
4.17,-18.0869649610757,-0.0679959706793397
4.18,-19.0421685418245,-0.0544865028312924
4.19,-20.2125847671589,-0.0415529465496828
4.2,-21.6427116805755,-0.0298541696644703
4.21,-23.3866840364521,-0.0199578345141605
4.22,-25.5207844394697,-0.0121987593125215
4.23,-28.1744155204375,-0.00661718957283182
4.24,-31.6126047660663,-0.00299690979776158
4.25,-36.5236353969395,-0.000967094972204275
4.26,-45.8994255623389,-0.00011164707185837
4.27,-49.5754418627998,-4.78897444427853e-05
4.28,-39.6994943512486,-0.000465434045339333
4.29,-35.8309947289713,-0.00113433557845328
4.3,-33.5998767066015,-0.00189623190183195
4.31,-32.1480278553656,-0.00264919531777225
4.32,-31.1518727672983,-0.00333245003397555
4.33,-30.4540617352513,-0.00391357626890086
4.34,-29.9664765024244,-0.00437880477397807
4.35,-29.6351810736333,-0.00472609543607398
4.36,-29.42514831493,-0.0049604088840502
4.37,-29.3127128891224,-0.00509058304494066
4.38,-29.2814923887619,-0.00512733169804023
4.39,-29.3200343706825,-0.00508200338073243
4.4,-29.4203952706154,-0.00496584377729731
4.41,-29.5772587462918,-0.00478958509813963
4.42,-29.7873875587491,-0.00456324406528265
4.43,-30.0492973714782,-0.00429605031319506
4.44,-30.3630924587973,-0.00399645449972914
4.45,-30.7304351691474,-0.00367218363313762
4.46,-31.1546442341648,-0.0033303232813012
4.47,-31.6409390678621,-0.00297741427836696
4.48,-32.1968746412525,-0.00261955679223387
4.49,-32.8330538534966,-0.00226251802040029
4.5,-33.5642787571517,-0.00191184211480473
4.51,-34.4114459838814,-0.0015729624625318
4.52,-35.4047931933848,-0.00125131760952182
4.53,-36.5897926648746,-0.000952472987123753
4.54,-38.038739733979,-0.000682251422779163
4.55,-39.876193978831,-0.000446876232595967
4.56,-42.3445054975655,-0.000253131631368749
4.57,-46.02174515881,-0.000108546349588984
4.58,-53.0317460782398,-2.16078115632902e-05
4.59,-63.3326399093293,-2.01613877163964e-06
4.6,-48.5253043974412,-6.09897595280066e-05
4.61,-43.1220173039704,-0.000211637763160482
4.62,-39.6624746712352,-0.000469418622731803
4.63,-37.0702509752361,-0.000852710967003032
4.64,-34.9686481282806,-0.00138353029460387
4.65,-33.1806740490864,-0.00208843673655642
4.66,-31.6085727342634,-0.00299969441123528
4.67,-30.1923673522411,-0.00415676428280528
4.68,-28.8923792739975,-0.00560824226254459
4.69,-27.6807918658577,-0.00741439623854297
4.7,-26.5371625562084,-0.00965051504401059
4.71,-25.445851155061,-0.0124113669601135
4.72,-24.3944569892669,-0.0158171863636403
4.73,-23.3728230653889,-0.0200217811154252
4.74,-22.3723775661,-0.0252236031223486
4.75,-21.3856876479029,-0.0316809818480049
4.76,-20.4061565440548,-0.0397332237980321
4.77,-19.4278282109287,-0.0498299677801872
4.78,-18.4452870702078,-0.062572059690628
4.79,-17.4536614188443,-0.0787681461343597
4.8,-16.4487637514699,-0.0995116710324388
4.81,-15.4274359087766,-0.126281430339697
4.82,-14.3882185484625,-0.161061086062856
4.83,-13.3325380402803,-0.206448651054374
4.84,-12.2666898569277,-0.265662806318187
4.85,-11.2049319553535,-0.342207188745938
4.86,-10.1737715102462,-0.4386892599631
4.87,-9.21653812228712,-0.55403580569512
4.88,-8.39496309110707,-0.678874765965635
4.89,-7.78147740099089,-0.791819481079418
4.9,-7.43745476610429,-0.864020101429103
4.91,-7.3852293379475,-0.875600708666743
4.92,-7.59570726819604,-0.829946836997855
4.93,-8.00358760701254,-0.748728319363521
4.94,-8.53558748150046,-0.655525588222407
4.95,-9.13064091571788,-0.565855918456006
4.96,-9.7461720007725,-0.486716041143505
4.97,-10.3558834356673,-0.419774088559662
4.98,-10.9450861463344,-0.364216187859502
4.99,-11.5065053650052,-0.318387415786655
5.0,-12.0372951684144,-0.280547671409272
5.01,-12.537124108336,-0.249155287367817
5.02,-13.0070128617494,-0.222937021043023
5.03,-13.4486510749741,-0.200874219739618
5.04,-13.8640056235584,-0.182162954160332
5.05,-14.2551018536924,-0.166171370859633
5.06,-14.6239060874301,-0.152402304574886
5.07,-14.9722667632574,-0.140462972485706
5.08,-15.3018891060094,-0.130041281479463
5.09,-15.614328596124,-0.120887615688876
5.1,-15.9109946236075,-0.112800932018267
5.11,-16.1931593217213,-0.105618156923436
5.12,-16.4619686901501,-0.0992060833662961
5.13,-16.7184543791077,-0.0934551527567398
5.14,-16.9635452378424,-0.0882746581342383
5.15,-17.1980781678235,-0.0835890216398954
5.16,-17.4228080740208,-0.0793348874094918
5.17,-17.6384168485451,-0.0754588366469255
5.18,-17.8455214047339,-0.0719155800864469
5.19,-18.0446808169881,-0.0686665190237768
5.2,-18.2364026454875,-0.0656785925866023
5.21,-18.4211485270475,-0.0629233487343809
5.22,-18.5993391156138,-0.0603761911533271
5.23,-18.7713584495083,-0.0580157652874283
5.24,-18.937557815366,-0.055823455078342
5.25,-19.0982591756278,-0.0537829682441553
5.26,-19.2537582143399,-0.0518799928101239
5.27,-19.4043270526563,-0.0501019112458482
5.28,-19.5502166804552,-0.0484375613992988
5.29,-19.691659142795,-0.0468770356525233
5.3,-19.8288695162288,-0.0454115114297477
5.31,-19.9620477101198,-0.0440331074921602
5.32,-20.0913801168202,-0.0427347616018754
5.33,-20.2170411427162,-0.0415101258597278
5.34,-20.3391946414495,-0.0403534767817991
5.35,-20.4579952739791,-0.0392596376592626
5.36,-20.5735898192583,-0.0382239111732982
5.37,-20.686118457974,-0.0372420205886421
5.38,-20.7957160530673,-0.0363100581135947
5.39,-20.9025134529889,-0.0354244392242555
5.4,-21.0066388445131,-0.034581861935245
5.41,-21.1082191849978,-0.0337792701350184
5.42,-21.2073817499766,-0.0330138201954068
5.43,-21.3042558344175,-0.0322828501699258
5.44,-21.3989746545194,-0.0315838509403479
5.45,-21.4916775067189,-0.0309144387030203
5.46,-21.5825122478013,-0.030272328236804
5.47,-21.6716381775716,-0.029655306371165
5.48,-21.7592294196903,-0.0290612050868722
5.49,-21.8454789191001,-0.0284878736484499
5.5,-21.9306031994047,-0.0279331491450416
5.51,-22.0148480560698,-0.0273948247754769
5.52,-22.0984954019427,-0.0268706151670139
5.53,-22.181871528792,-0.0263581179919844
5.54,-22.2653571111391,-0.0258547711130727
5.55,-22.3493993448599,-0.0253578045506366
5.56,-22.4345267087837,-0.0248641866117626
5.57,-22.5213669284045,-0.0243705638203018
5.58,-22.6106688477746,-0.0238731946711868
5.59,-22.7033290406649,-0.0233678780351812
5.6,-22.8004241316914,-0.0228498782890245
5.61,-22.9032499372403,-0.0223138511886974
5.62,-23.0133686396231,-0.0217537774993085
5.63,-23.1326652607495,-0.0211629156676603
5.64,-23.2634146335857,-0.0205337907943088
5.65,-23.4083598074573,-0.0198582449992909
5.66,-23.570802268048,-0.0191275837708957
5.67,-23.7547033699923,-0.0183328630844081
5.68,-23.9647949078643,-0.0174653702358437
5.69,-24.2066947315055,-0.0165173527583178
5.7,-24.4870210415743,-0.0154830361917555
5.71,-24.8134971110983,-0.0143599325166411
5.72,-25.1950381329692,-0.0131503663076635
5.73,-25.6418161041855,-0.0118630324258641
5.74,-26.1653106066428,-0.0105142635240328
5.75,-26.7783773641487,-0.00912857364559406
5.76,-27.4954070201054,-0.00773803078848608
5.77,-28.3327089253448,-0.00638017202199271
5.78,-29.3093484350117,-0.00509453053285717
5.79,-30.4488190019891,-0.00391830566126453
5.8,-31.7822238476132,-0.00288207993955975
5.81,-33.3543097439856,-0.00200656698071464
5.82,-35.2354334071864,-0.00130108605836547
5.83,-37.5477073020627,-0.000763926854016634
5.84,-40.5320200155872,-0.000384239069179027
5.85,-44.7711155639681,-0.0001447704730223
5.86,-52.4420571208877,-2.47502640543355e-05
5.87,-62.5825380246762,-2.39624174366264e-06
5.88,-48.8358956876068,-5.67802867665276e-05
5.89,-44.0988394474393,-0.000169008604950411
5.9,-41.2885027840217,-0.000322812373794624
5.91,-39.3477451581054,-0.000504702005369415
5.92,-37.9034597256622,-0.000703839328392207
5.93,-36.7795202465303,-0.000911754412036021
5.94,-35.878483573492,-0.00112199792213938
5.95,-35.1406868034486,-0.00132978710913305
5.96,-34.5269336415149,-0.00153167819157822
5.97,-34.0101087499903,-0.00172528043541021
5.98,-33.5707012197259,-0.00190901630019578
5.99,-33.1942314489818,-0.00208192585453715
6.0,-32.8696834914722,-0.00224351063644317
6.01,-32.5885040486476,-0.00239361105221256
6.02,-32.3439381148032,-0.00253231139492252
6.03,-32.1305735981406,-0.0026598671022204
6.04,-31.9440205542248,-0.00277664962337277
6.05,-31.7806799115574,-0.00288310505407151
6.06,-31.6375733378311,-0.00297972342507157
6.07,-31.5122158741647,-0.00306701616986319
6.08,-31.4025191154495,-0.00314549982424109
6.09,-31.3067166074824,-0.00321568444490921
6.1,-31.2233056678817,-0.00327806557845386
6.11,-31.1510015267994,-0.00333311888225678
6.12,-31.0887008280919,-0.00338129671329413
6.13,-31.0354523266742,-0.00342302616405035
6.14,-30.9904331803292,-0.00345870814947577
6.15,-30.9529296299592,-0.00348871724897788
6.16,-30.9223211559015,-0.00351340207919547
6.17,-30.8980674106823,-0.00353308603002075
6.18,-30.8796973859737,-0.00354806824009292
6.19,-30.8668003901928,-0.00355862472091883
6.2,-30.859018507023,-0.00356500956066266
6.21,-30.8560402700127,-0.00356745616053665
6.22,-30.8575953441701,-0.00356617846903636
6.23,-30.8634500462963,-0.00356137219039881
6.24,-30.8734035714899,-0.00355321594913371
6.25,-30.8872848128435,-0.00354187240341832
6.26,-30.9049496892838,-0.00352748929856859
6.27,-30.9262789077923,-0.00351020045939622
6.28,-30.9511761030704,-0.00349012671978838
6.29,-30.9795663063126,-0.00346737679162894
6.3,-31.0113947054078,-0.00344204807485953
6.31,-31.0466256674164,-0.00341422741105485
6.32,-31.0852419962555,-0.00338399178660478
6.33,-31.1272444121079,-0.00335140898585146
6.34,-31.1726512337025,-0.0033165382030943
6.35,-31.2214982591413,-0.0032794306143106
6.36,-31.2738388384974,-0.0032401299151129
6.37,-31.3297441368622,-0.0031986728303396
6.38,-31.3893035921059,-0.00315508959946264
6.39,-31.4526255748339,-0.00310940444283504
6.4,-31.519838260227,-0.00306163601567153
6.41,-31.591090728113,-0.0030117978551897
6.42,-31.6665543141369,-0.00295989882585502
6.43,-31.7464242358611,-0.0029059435715724
6.44,-31.830921529103,-0.00284993298089655
6.45,-31.9202953359348,-0.00279186467352842
6.46,-32.0148255946306,-0.00273173351753975
6.47,-32.114826195131,-0.0026695321868331
6.48,-32.2206486758227,-0.00260525177100522
6.49,-32.3326865572164,-0.00253888244981926
6.5,-32.4513804286936,-0.00247041424715814
6.51,-32.5772239313306,-0.00239983788224993
6.52,-32.7107708180837,-0.00232714573617899
6.53,-32.8526433128781,-0.00225233295779369
6.54,-33.0035420537246,-0.00217539873334957
6.55,-33.164257973959,-0.00209634775191349
6.56,-33.3356865840993,-0.00201519189873993
6.57,-33.5188452369138,-0.0019319522207266
6.58,-33.7148941521832,-0.00184666120638196
6.59,-33.9251622016292,-0.00175936543903719
6.6,-34.1511788049017,-0.00167012868242443
6.61,-34.394713738108,-0.00157903547422358
6.62,-34.6578273263206,-0.00148619530949257
6.63,-34.942934435909,-0.00139174751080781
6.64,-35.2528870742874,-0.00129586689604146
6.65,-35.5910824880715,-0.00119877036911885
6.66,-35.9616068332939,-0.00110072457577363
6.67,-36.3694294631761,-0.00100205478625347
6.68,-36.8206709087452,-0.000903155180536647
6.69,-37.3229809102482,-0.000804500734038499
6.7,-37.8860857335316,-0.000706660913547082
6.71,-38.5226049477793,-0.000610315404706367
6.72,-39.2493147118935,-0.000516272097150064
6.73,-40.0891873679725,-0.000425487541959565
6.74,-41.0748619195639,-0.000339090071376259
6.75,-42.2549512127412,-0.000258405712498362
6.76,-43.7065250119175,-0.000184986936139737
6.77,-45.5628414078217,-0.00012064413187652
6.78,-48.0861594848012,-6.74794814839287e-05
6.79,-51.9183008230393,-2.7922585221697e-05
6.8,-59.5956150581745,-4.76675733452907e-06
6.81,-65.5704392888994,-1.20431596480336e-06
6.82,-53.1850390994452,-2.08584217422876e-05
6.83,-48.0650644812675,-6.78080497366762e-05
6.84,-44.7165321027535,-0.000146601505785279
6.85,-42.1907769788837,-0.00026225255377202
6.86,-40.1433708934279,-0.000420211789045863
6.87,-38.4103006313106,-0.000626304544563645
6.88,-36.9008836198351,-0.000886625626724639
6.89,-35.5600035227448,-0.00120738097052908
6.9,-34.3519392291977,-0.0015946674122393
6.91,-33.252474888022,-0.00205418487744724
6.92,-32.2446638614267,-0.00259088097976798
6.93,-31.3163770988668,-0.00320853675286763
6.94,-30.4587921920774,-0.003909313894918
6.95,-29.6654087027489,-0.00469329750548742
6.96,-28.9313725262902,-0.005558081787059
6.97,-28.2529899083715,-0.00649845629952179
6.98,-27.6273635926142,-0.00750625321298866
6.99,-27.0521126073822,-0.00857040806316374
7.0,-26.525154068585,-0.00967726598176561
7.01,-26.0445351579843,-0.0108111337449018
7.02,-25.6083087968476,-0.0119550403568983
7.03,-25.2144489025505,-0.0130916334862637
7.04,-24.8608015471937,-0.0142041146384958
7.05,-24.5450676241136,-0.0152771091111778
7.06,-24.2648115269506,-0.0162973792793343
7.07,-24.0174893948831,-0.0172543181667327
7.08,-23.800490079691,-0.0181401969306964
7.09,-23.6111822687008,-0.0189501760375674
7.1,-23.4469620947893,-0.019682118220741
7.11,-23.3052968690285,-0.020336257883231
7.12,-23.1837620356789,-0.0209147861023077
7.13,-23.0800698404716,-0.0214214052499304
7.14,-22.9920893604495,-0.0218608961714411
7.15,-22.9178583946891,-0.0222387275220386
7.16,-22.8555882535479,-0.0225607240659695
7.17,-22.8036627441663,-0.0228328002192084
7.18,-22.7606327099858,-0.0230607574500327
7.19,-22.7252073967382,-0.0232501393383843
7.2,-22.6962437511782,-0.0234061356339769
7.21,-22.6727345660141,-0.023533525879318
7.22,-22.6537961778732,-0.0236366535786089
7.23,-22.6386562468167,-0.0237194228819831
7.24,-22.6266419852956,-0.0237853110670521
7.25,-22.6171690788992,-0.0238373914194297
7.26,-22.6097314380429,-0.0238783623679556
7.27,-22.6038918519691,-0.0239105797598217
7.28,-22.5992735543644,-0.0239360900852694
7.29,-22.595552681144,-0.0239566631130237
7.3,-22.5924515717804,-0.023973822959705
7.31,-22.5897328555217,-0.0239888769906697
7.32,-22.5871942541014,-0.0240029422505318
7.33,-22.5846640318529,-0.0240169693138607
7.34,-22.5819970256136,-0.0240317635798375
7.35,-22.5790711897949,-0.0240480041225539
7.36,-22.5757845961678,-0.0240662602619458
7.37,-22.572052833928,-0.0240870060420937
7.38,-22.5678067609651,-0.024110632813099
7.39,-22.5629905614224,-0.0241374601172372
7.4,-22.5575600709878,-0.0241677450636843
7.41,-22.5514813364617,-0.0242016903607695
7.42,-22.5447293771048,-0.024239451177975
7.43,-22.5372871250732,-0.0242811409606235
7.44,-22.5291445186695,-0.0243268363437268
7.45,-22.5202977310561,-0.024376581263487
7.46,-22.5107485170837,-0.0244303903659985
7.47,-22.5005036629526,-0.0244882518013703
7.48,-22.4895745263478,-0.0245501294751436
7.49,-22.4779766575473,-0.0246159648126151
7.5,-22.4657294903277,-0.0246856781005754
7.51,-22.452856097068,-0.0247591694392602
7.52,-22.4393830001651,-0.0248363193498519
7.53,-22.4253400353351,-0.0249169890626964
7.54,-22.4107602611326,-0.0250010205185328
7.55,-22.3956799130905,-0.0250882360912722
7.56,-22.3801383976536,-0.0251784380594932
7.57,-22.3641783251039,-0.0252714078305967
7.58,-22.3478455798099,-0.0253669049267073
7.59,-22.3311894265169,-0.0254646657394735
7.6,-22.3142626532135,-0.0255644020507966
7.61,-22.2971217498268,-0.0256657993246563
7.62,-22.2798271252494,-0.0257685147568644
7.63,-22.2624433622711,-0.0258721750880267
7.64,-22.2450395136942,-0.0259763741646201
7.65,-22.2276894422202,-0.0260806702388098
7.66,-22.210472206887,-0.0261845829988233
7.67,-22.1934725006255,-0.0262875903140303
7.68,-22.1767811435607,-0.0263891246817177
7.69,-22.1604956380182,-0.0264885693594652
7.7,-22.1447207919483,-0.0265852541673334
7.71,-22.1295694191914,-0.0266784509409731
7.72,-22.1151631251554,-0.0267673686239767
7.73,-22.1016331899983,-0.0268511479767437
7.74,-22.0891215613582,-0.0269288558920846
7.75,-22.0777819722152,-0.0269994793020111
7.76,-22.0677812014023,-0.0270619186676106
7.77,-22.0593004984275,-0.0271149810422852
7.78,-22.0525371949329,-0.0271573727247325
7.79,-22.0477065357136,-0.0271876914885721
7.8,-22.0450437593995,-0.0272044184394884
7.81,-22.0448064736849,-0.0272059095148674
7.82,-22.0472773721689,-0.0271903866980925
7.83,-22.0527673519287,-0.0271559290325027
7.84,-22.061619103862,-0.0271004635485765
7.85,-22.0742112612847,-0.0270217562712615
7.86,-22.0909632121469,-0.0269174035223418
7.87,-22.1123407024769,-0.0267848238098958
7.88,-22.138862392189,-0.0266212506612501
7.89,-22.1711075555164,-0.0264237269076332
7.9,-22.2097251751893,-0.0261891010156679
7.91,-22.255444737659,-0.0259140262626563
7.92,-22.3090891178584,-0.0255949637732054
7.93,-22.371590055691,-0.0252281906691958
7.94,-22.4440068678956,-0.0248098149340542
7.95,-22.5275492297527,-0.0243357990217385
7.96,-22.6236051361715,-0.0238019946849306
7.97,-22.7337755042825,-0.0232041921912669
7.98,-22.8599174016391,-0.0225381877915066
7.99,-23.0041986015267,-0.0217998742741584
8.0,-23.1691672245152,-0.020985360507875
8.01,-23.3578417554779,-0.0200911272739157
8.02,-23.5738290521551,-0.0191142282147253
8.03,-23.8214815095414,-0.0180525466114228
8.04,-24.1061101417104,-0.016905120819797
8.05,-24.4342794085566,-0.0156725535518763
8.06,-24.814224777,-0.0143575227121841
8.07,-25.2564603024971,-0.0129654140491021
8.08,-25.7746911287175,-0.0115050981063626
8.09,-26.3872363386433,-0.0099898754919602
8.1,-27.1193502824737,-0.00843861445977739
8.11,-28.0072264299758,-0.00687710219424504
8.12,-29.10540562753,-0.00533962431959524
8.13,-30.5018004546525,-0.0038707737764582
8.14,-32.352251290255,-0.0025274673235785
8.15,-34.9762450073329,-0.0013811118906533
8.16,-39.219659563489,-0.000519809658952707
8.17,-49.3521514920489,-5.04163827472953e-05
8.18,-46.3705158465838,-0.000100170014149235
8.19,-37.253434905631,-0.000817488580143504
8.2,-32.6289661612396,-0.00237140788828206
8.21,-29.4351303048121,-0.00494901429252771
8.22,-26.9620545743735,-0.00875016593091134
8.23,-24.9301172652851,-0.013978846617476
8.24,-23.2012091848265,-0.0208307311162339
8.25,-21.697737156557,-0.0294770225142276
8.26,-20.3723270336618,-0.0400453725200435
8.27,-19.1942882698009,-0.0525996448881556
8.28,-18.1427610620905,-0.0671212358944144
8.29,-17.2029031411218,-0.0834953085866715
8.3,-16.3636108161526,-0.101505274107775
8.31,-15.6160894566082,-0.120837923248567
8.32,-14.9529374795286,-0.141099817930043
8.33,-14.3675661605307,-0.161843302011851
8.34,-13.8538515317842,-0.182598452391702
8.35,-13.4059495828232,-0.202906126527045
8.36,-13.0182233069344,-0.222347328835661
8.37,-12.685240526102,-0.240565310878543
8.38,-12.4018098283448,-0.257278655494693
8.39,-12.1630301217704,-0.272285455898894
8.4,-11.9643372525069,-0.285460100231064
8.41,-11.8015382033964,-0.296744894504897
8.42,-11.6708290287726,-0.306138843637747
8.43,-11.5687965997339,-0.313685561222405
8.44,-11.4924065504698,-0.319461725861391
8.45,-11.4389808435742,-0.323566932879665
8.46,-11.406168508759,-0.326115316505755
8.47,-11.3919127261339,-0.327228981096728
8.48,-11.3944168024028,-0.327033076699191
8.49,-11.4121109190696,-0.325652256709286
8.5,-11.4436209177927,-0.323208231028556
8.505,-11.4641738911107,-0.321624333993571
8.51,-11.4877398807407,-0.319818147279486
8.515,-11.5141900102065,-0.317803434926155
8.52,-11.5434028775416,-0.315593572686938
8.525,-11.5752639432806,-0.313201536886174
8.53,-11.6096649664401,-0.310639896817543
8.535,-11.6465034865265,-0.307920809999385
8.54,-11.6856823493545,-0.305056019737109
8.545,-11.7271092743083,-0.302056854539893
8.55,-11.7706964605602,-0.298934229027048
8.555,-11.8163602297269,-0.29569864604018
8.56,-11.8640207024292,-0.292360199733149
8.565,-11.9136015062581,-0.288928579468396
8.57,-11.9650295127022,-0.285413074385952
8.575,-12.0182346006788,-0.281822578548143
8.58,-12.0731494443955,-0.278165596581901
8.585,-12.1297093233845,-0.274450249770082
8.59,-12.1878519526676,-0.270684282545199
8.595,-12.247517331118,-0.26687506935938
8.6,-12.3086476062253,-0.263029621903489
8.605,-12.3711869535779,-0.259154596656707
8.61,-12.4350814695046,-0.255256302748899
8.615,-12.5002790754425,-0.251340710114496
8.62,-12.5667294327013,-0.24741345792291
8.625,-12.634383866417,-0.243479863263102
8.63,-12.7031952975904,-0.239544930061295
8.635,-12.773118182208,-0.235613358208458
8.64,-12.8441084565391,-0.231689552871184
8.645,-12.9161234877883,-0.227777633960005
8.65,-12.9891220293778,-0.223881445727131
8.655,-13.0630641802054,-0.220004566461981
8.66,-13.1379113472893,-0.216150318257903
8.665,-13.2136262112992,-0.212321776817357
8.67,-13.290172694511,-0.208521781266268
8.675,-13.3675159307949,-0.20475294394862
8.68,-13.4456222372954,-0.201017660172092
8.685,-13.5244590874997,-0.197318117876418
8.69,-13.6039950854447,-0.193656307198957
8.695,-13.684199940846,-0.190034029911739
8.7,-13.7650444449594,-0.186452908706419
8.705,-13.8465004470318,-0.182914396305641
8.71,-13.9285408312064,-0.179419784381865
8.715,-14.0111394937851,-0.175970212263602
8.72,-14.0942713207649,-0.172566675417992
8.725,-14.1779121655813,-0.169210033693302
8.73,-14.2620388270193,-0.165901019313683
8.735,-14.3466290272464,-0.162640244615466
8.74,-14.4316613899523,-0.159428209520805
8.745,-14.5171154185778,-0.156265308740358
8.75,-14.6029714746299,-0.153151838703323
8.755,-14.6892107560816,-0.150088004211627
8.76,-14.7758152758651,-0.147073924816335
8.765,-14.8627678404697,-0.144109640918363
8.77,-14.950052028653,-0.141195119592382
8.775,-15.0376521702933,-0.138330260139351
8.78,-15.1255533253897,-0.135514899369677
8.785,-15.2137412632369,-0.132748816622534
8.79,-15.3022024417931,-0.130031738526094
8.795,-15.3909239872603,-0.12736334350643
8.8,-15.4798936738986,-0.12474326604965
8.805,-15.5690999040949,-0.122171100726528
8.81,-15.6585316887032,-0.119646405985546
8.815,-15.7481786276737,-0.117168707723739
8.82,-15.8380308909932,-0.114737502641806
8.825,-15.9280791999458,-0.112352261393175
8.83,-16.0183148087099,-0.110012431534593
8.835,-16.1087294863125,-0.10771744028635
8.84,-16.1993154989368,-0.10546669711078
8.845,-16.2900655926105,-0.103259596118153
8.85,-16.3809729762731,-0.101095518305705
8.855,-16.472031305231,-0.098973833641395
8.86,-16.5632346650145,-0.0968939029958027
8.865,-16.6545775556287,-0.0948550799353618
8.87,-16.7460548762165,-0.0928567123785688
8.875,-16.8376619101266,-0.0908981441271255
8.88,-16.9293943103916,-0.0889787162762235
8.885,-17.0212480856172,-0.0870977685126878
8.89,-17.1132195862849,-0.0852546403055232
8.895,-17.2053054914618,-0.0834486719973741
8.9,-17.2975027959176,-0.0816792058010913
8.905,-17.389808797653,-0.0799455867083261
8.91,-17.4822210858236,-0.0782471633154007
8.915,-17.5747375290674,-0.0765832885711882
8.92,-17.6673562642289,-0.0749533204532938
8.925,-17.760075685465,-0.0733566225759218
8.93,-17.8528944337473,-0.0717925647349403
8.935,-17.945811386732,-0.0702605233941541
8.94,-18.0388256490144,-0.0687598821166651
8.945,-18.1319365427425,-0.0672900319456304
8.95,-18.2251435985975,-0.0658503717376407
8.955,-18.3184465471252,-0.0644403084524929
8.96,-18.411845310419,-0.0630592574027641
8.965,-18.5053399941412,-0.0617066424649226
8.97,-18.598930879882,-0.0603818962571236
8.975,-18.6926184178426,-0.0590844602848452
8.98,-18.7864032198428,-0.0578137850564646
8.985,-18.8802860526405,-0.0565693301728236
8.99,-18.9742678315592,-0.0553505643918655
8.995,-19.0683496144135,-0.0541569656702932
9.0,-19.162532595732,-0.0529880211851679
9.005,-19.2568181012644,-0.0518432273361841
9.01,-19.3512075827677,-0.0507220897311133
9.015,-19.4457026130692,-0.0496241231554688
9.02,-19.5403048813967,-0.0485488515285076
9.025,-19.6350161889649,-0.0474958078460236
9.03,-19.729838444824,-0.0464645341121261
9.035,-19.8247736619533,-0.0454545812607697
9.04,-19.919823953597,-0.0444655090678061
9.045,-20.0149915298439,-0.043496886055312
9.05,-20.1102786944296,-0.0425482893887643
9.055,-20.2056878417768,-0.0416193047674145
9.06,-20.3012214542498,-0.0407095263101172
9.065,-20.3968820996292,-0.0398185564351746
9.07,-20.4926724287973,-0.0389460057374821
9.075,-20.5885951736339,-0.0380914928611357
9.08,-20.684653145115,-0.0372546443698656
9.085,-20.780849231607,-0.0364350946148757
9.09,-20.8771863973637,-0.0356324856010299
9.095,-20.9736676812073,-0.0348464668515852
9.1,-21.0702961954039,-0.0340766952718025
9.105,-21.1670751247195,-0.0333228350123444
9.11,-21.2640077256613,-0.0325845573319753
9.115,-21.3610973258943,-0.0318615404607279
9.12,-21.4583473238365,-0.0311534694630676
9.125,-21.5557611884277,-0.030460036101897
9.13,-21.6533424590681,-0.0297809387031509
9.135,-21.7510947457276,-0.0291158820214778
9.14,-21.8490217292217,-0.0284645771074172
9.145,-21.9471271616532,-0.0278267411751827
9.15,-22.0454148670188,-0.0272020974727163
9.155,-22.143888741979,-0.0265903751530925
9.16,-22.2425527567886,-0.0259913091474023
9.165,-22.3414109563916,-0.0254046400398963
9.17,-22.4404674616735,-0.0248301139445779
9.175,-22.5397264708772,-0.0242674823843934
9.18,-22.639192261179,-0.0237165021716739
9.185,-22.7388691904245,-0.0231769352914258
9.19,-22.8387616990272,-0.0226485487861906
9.195,-22.9388743120296,-0.022131114643501
9.2,-23.0392116413263,-0.0216244096851249
9.205,-23.1397783880539,-0.0211282154588083
9.21,-23.240579345145,-0.0206423181321148
9.215,-23.3416194000525,-0.0201665083883378
9.22,-23.4429035376438,-0.0197005813250197
9.225,-23.5444368432677,-0.0192443363542315
9.23,-23.6462245059987,-0.0187975771052664
9.235,-23.7482718220594,-0.0183601113294686
9.24,-23.8505841984266,-0.0179317508073981
9.245,-23.9531671566249,-0.0175123112577494
9.25,-24.0560263367108,-0.0171016122486532
9.255,-24.1591675014544,-0.0166994771111627
9.26,-24.2625965407221,-0.0163057328544597
9.265,-24.3663194760666,-0.0159202100833804
9.27,-24.4703424655313,-0.0155427429177468
9.275,-24.5746718086745,-0.0151731689139177
9.28,-24.6793139518211,-0.0148113289877638
9.285,-24.7842754935509,-0.0144570673401552
9.29,-24.88956319043,-0.0141102313838407
9.295,-24.9951839629948,-0.0137706716723373
9.3,-25.1011449020006,-0.0134382418304783
9.305,-25.207453274941,-0.0131127984868822
9.31,-25.3141165328538,-0.0127942012079008
9.315,-25.4211423174212,-0.012482312433327
9.32,-25.5285384683819,-0.012176997413883
9.325,-25.6363130312622,-0.0118781241499326
9.33,-25.744474265448,-0.0115855633319914
9.335,-25.8530306526083,-0.0112991882828092
9.34,-25.9619909054879,-0.011018874900627
9.345,-26.0713639770894,-0.0107445016041266
9.35,-26.1811590702596,-0.0104759492787257
9.355,-26.2913856477059,-0.0102131012241062
9.36,-26.4020534424588,-0.00995584310314228
9.365,-26.513172468807,-0.00970406289222732
9.37,-26.62475303373,-0.00945765083268237
9.375,-26.7368057488548,-0.00921649938342621
9.38,-26.8493415429631,-0.0089805031749234
9.385,-26.9623716750798,-0.00874955896415431
9.39,-27.0759077481778,-0.00852356559080357
9.395,-27.1899617235314,-0.00830242393458781
9.4,-27.3045459357552,-0.00808603687345307
9.405,-27.4196731085708,-0.00787430924296743
9.41,-27.5353563713394,-0.00766714779674828
9.415,-27.6516092764116,-0.00746446116763515
9.42,-27.7684458173382,-0.00726615983015807
9.425,-27.885880447997,-0.00707215606364748
9.43,-28.0039281026935,-0.00688236391633043
9.435,-28.122604217288,-0.00669669917033907
9.44,-28.2419247514292,-0.00651507930758444
9.445,-28.3619062119452,-0.00633742347633398
9.45,-28.4825656774836,-0.0061636524587583
9.455,-28.6039208244704,-0.00599368863918559
9.46,-28.7259899544783,-0.00582745597303777
9.465,-28.8487920231033,-0.00566487995672133
9.47,-28.9723466704431,-0.00550588759802551
9.475,-29.0966742532855,-0.00535040738733362
9.48,-29.2217958791405,-0.00519836926957549
9.485,-29.3477334422138,-0.00504970461671751
9.49,-29.4745096614978,-0.00490434620097688
9.495,-29.6021481210991,-0.00476222816875158
9.5,-29.7306733129718,-0.00462328601502416
9.505,-29.8601106822427,-0.00448745655853984
9.51,-29.9904866753115,-0.0043546779174051
9.515,-30.1218287909272,-0.00422488948541884
9.52,-30.2541656344835,-0.00409803190895118
9.525,-30.3875269757599,-0.00397404706429424
9.53,-30.5219438103836,-0.00385287803563477
9.535,-30.6574484253178,-0.00373446909361351
9.54,-30.7940744686718,-0.00361876567426809
9.545,-30.9318570241884,-0.00350571435863504
9.55,-31.0708326908183,-0.00339526285280781
9.555,-31.2110396677518,-0.00328735996849674
9.56,-31.3525178454148,-0.00318195560406057
9.565,-31.4953089028935,-0.00307900072611442
9.57,-31.6394564123781,-0.00297844735151982
9.575,-31.7850059512148,-0.00288024852987705
9.58,-31.9320052222497,-0.00278435832657452
9.585,-32.0805041832064,-0.00269073180619023
9.59,-32.2305551859267,-0.00259932501640714
9.595,-32.3822131263901,-0.00251009497238038
9.6,-32.535535606505,-0.00242299964165151
9.605,-32.690583108832,-0.00233799792931822
9.61,-32.8474191854697,-0.00225504966385955
9.615,-33.0061106624853,-0.00217411558333083
9.62,-33.166727861498,-0.00209515732199365
9.625,-33.3293448401142,-0.00201813739747234
9.63,-33.4940396531707,-0.00194301919827361
9.635,-33.6608946370353,-0.00186976697186893
9.64,-33.8299967193511,-0.00179834581316564
9.645,-34.0014377570764,-0.00172872165347965
9.65,-34.1753149059263,-0.00166086124996301
9.655,-34.3517310247868,-0.00159473217556456
9.66,-34.5307951191254,-0.00153030280939581
9.665,-34.7126228280085,-0.00146754232763442
9.67,-34.8973369599288,-0.00140642069496572
9.675,-35.0850680834199,-0.0013469086564871
9.68,-35.2759551793458,-0.00128897773012617
9.685,-35.470146362639,-0.00123260019969502
9.69,-35.6677996826415,-0.00117774910837885
9.695,-35.8690840124218,-0.00112439825289325
9.7,-36.0741800392413,-0.00107252217814988
9.705,-36.2832813702459,-0.00102209617261073
9.71,-36.4965957697609,-0.000973096264200732
9.715,-36.7143465474734,-0.000925499216913541
9.72,-36.9367741200586,-0.000879282528134538
9.725,-37.1641377728163,-0.000834424426548807
9.73,-37.3967176528647,-0.000790903870921396
9.735,-37.634817031317,-0.000748700549579043
9.74,-37.8787648790675,-0.000707794880734097
9.745,-38.1289188098503,-0.000668168013610033
9.75,-38.3856684551072,-0.000629801830524718
9.755,-38.649439348816,-0.000592678949859976
9.76,-38.9206974176198,-0.000556782730050467
9.765,-39.1999541928231,-0.000522097274627497
9.77,-39.4877728880172,-0.000488607438374584
9.775,-39.7847755206426,-0.000456298834577359
9.78,-40.0916512999647,-0.000425157843710105
9.785,-40.4091665616156,-0.000395171623221346
9.79,-40.7381766035649,-0.0003663281189363
9.795,-41.0796398774369,-0.000338616077841819
9.8,-41.4346351205172,-0.000312025062572967
9.805,-41.8043821908651,-0.000286545467537575
9.81,-42.1902676093134,-0.00026216853694488
9.815,-42.5938761439692,-0.000238886384870371
9.82,-43.0170302375649,-0.000216692017348108
9.825,-43.4618397363904,-0.000195579356826141
9.83,-43.9307653283973,-0.000175543269070807
9.835,-44.4267004903941,-0.000156579592767785
9.84,-44.9530788268017,-0.00013868517194911
9.845,-45.5140168664749,-0.000121857891559606
9.85,-46.1145073715529,-0.000106096716433725
9.855,-46.7606862395523,-9.14017338680043e-05
9.86,-47.4602094075067,-7.77742001276762e-05
9.865,-48.2227990827813,-6.52165913407321e-05
9.87,-49.0610596727875,-5.37326590601549e-05
9.875,-49.9917408822724,-4.33274908734035e-05
9.88,-51.0377786620846,-3.4007576540478e-05
9.885,-52.231770621183,-2.57808804071059e-05
9.89,-53.6222966583627,-1.86569200961179e-05
9.895,-55.2864375564478,-1.264685288032e-05
9.9,-57.3576071485057,-7.76356964259891e-06
9.905,-60.0987037741889,-4.02179774563814e-06
9.91,-64.1542495551152,-1.43821343838727e-06
9.915,-72.0811347497862,-3.15648151048479e-08
9.92,-78.0992481779016,1.77193652320344e-07
9.925,-66.0158918768543,-8.35246223195119e-07
9.93,-61.1226207417998,-3.09470774771572e-06
9.935,-57.9918071527437,-6.62970649396226e-06
9.94,-55.6791062741264,-1.14716444646756e-05
9.945,-53.8404529275158,-1.76550237114042e-05
9.95,-52.3112636679994,-2.52176809421398e-05
9.955,-50.9998962020059,-3.42010457777471e-05
9.96,-49.8500354359803,-4.46504254822516e-05
9.965,-48.8245782521854,-5.66153186856505e-05
9.97,-47.8977732189492,-7.01497620791777e-05
9.975,-47.0510093068169,-8.53127134085309e-05
9.98,-46.2703924086817,-0.000102168475646471
9.985,-45.5452697273723,-0.00012078716688051
9.99,-44.8672892258886,-0.00014124524191878
9.995,-44.2297769552052,-0.00016362607176638
10.0,-43.6273114365487,-0.000188020588817835
10.005,-43.0554246727966,-0.000214528005559244
10.01,-42.5103870825511,-0.000243256617119915
10.015,-41.9890495603706,-0.000274324698514289
10.02,-41.4887253441177,-0.000307861509386032
10.025,-41.0071002001106,-0.000344008421099307
10.03,-40.5421631261337,-0.000382920183607513
10.035,-40.0921521660402,-0.000424766351473393
10.04,-39.655511520012,-0.00046973289258547
10.045,-39.2308572097435,-0.000518024006185563
10.05,-38.8169493011966,-0.000569864181842984
10.055,-38.4126692078524,-0.000625500535971722
10.06,-38.0170009683929,-0.000685205469080176
10.065,-37.6290156603621,-0.000749279694515608
10.07,-37.2478583069909,-0.000818055698786628
10.075,-36.8727367792104,-0.00089190170379105
10.08,-36.5029123030217,-0.000971226215685865
10.085,-36.1376912639622,-0.00105648325987776
10.09,-35.7764180626164,-0.00114817842160406
10.095,-35.4184688227991,-0.0012468758352119
10.1,-35.0632457909744,-0.00135320629345322
10.105,-34.7101722938369,-0.0014678766835027
10.11,-34.3586881438834,-0.00159168099973218
10.115,-34.0082454000013,-0.00172551323613045
10.12,-33.6583044044649,-0.00187038252708618
10.125,-33.3083300285766,-0.00202743098653279
10.13,-32.9577880688273,-0.00219795479790502
10.135,-32.6061417424009,-0.00238342923232129
10.14,-32.2528482383211,-0.00258553843300106
10.145,-31.8973552862019,-0.00280621100163748
10.15,-31.5390977116327,-0.00304766267548961
10.155,-31.1774939544218,-0.00331244769848358
10.16,-30.811942535754,-0.003603520894497
10.165,-30.4418184729758,-0.00392431295517388
10.17,-30.0664696589346,-0.00427882210198961
10.175,-29.6852132487153,-0.00467172609393694
10.18,-29.2973321345634,-0.00510851958034766
10.185,-28.9020716453919,-0.00559568308323547
10.19,-28.4986366889457,-0.00614089148787356
10.195,-28.0861896753607,-0.00675327185519133
10.2,-27.6638497391779,-0.00744372265603107
10.205,-27.2306940405888,-0.00822530906784274
10.21,-26.7857623180656,-0.00911375151579032
10.215,-26.3280664449193,-0.0101280265171374
10.22,-25.856607604458,-0.0112910987269711
10.225,-25.3704049761613,-0.0126307980615559
10.23,-24.8685417115639,-0.0141808404248716
10.235,-24.3502367398808,-0.0159819545176053
10.24,-23.8149549197723,-0.0180830014116705
10.245,-23.2625736160146,-0.0205418241582643
10.25,-22.693631154263,-0.0234252845901948
10.255,-22.1096913920653,-0.0268074458649856
10.26,-21.5138666541165,-0.0307640310613191
10.265,-20.9115421014794,-0.0353600614993951
10.27,-20.311323225656,-0.0406261547098476
10.275,-19.7261553375238,-0.0465183841542923
10.28,-19.1743957511689,-0.0528597539486385
10.285,-18.6803230104034,-0.0592735038087892
10.29,-18.273210484337,-0.0651437794964077
10.295,-17.9839931171235,-0.0696672479506481
10.3,-17.8392916027538,-0.0720486800371302
10.305,-17.8543662450822,-0.0717983839133433
10.31,-18.0283168414474,-0.0689583258174972
10.315,-18.344378463688,-0.0640835130489763
10.32,-18.7751260837619,-0.0579931663988692
10.325,-19.2895450324663,-0.0514776994086598
10.33,-19.8587649251792,-0.0451221177844208
10.335,-20.459106112488,-0.0392710983982124
10.34,-21.0728062362411,-0.0340763987264028
10.345,-21.6874163442061,-0.0295649857598019
10.35,-22.2947055691746,-0.0256960324529714
10.355,-22.8895532901296,-0.0223989389122252
10.36,-23.4690245359339,-0.0195952764701272
10.365,-24.0316684420071,-0.017209936855408
10.37,-24.5770140434449,-0.0151759140555782
10.375,-25.1052197337129,-0.0134356736142129
10.38,-25.6168348081432,-0.0119408628812687
10.385,-26.1126398028035,-0.0106513245125915
10.39,-26.5935410334328,-0.00953390660888179
10.395,-27.0605019244103,-0.00856130278607226
10.4,-27.5144990973731,-0.00771101847917768
10.405,-27.9564950198608,-0.00696449136716893
10.41,-28.3874216685055,-0.00630636203782806
10.415,-28.808171472193,-0.00572387810004275
10.42,-29.2195930266522,-0.00520641130252978
10.425,-29.6224898984088,-0.00474506781763166
10.43,-30.0176213929151,-0.00433237414858796
10.435,-30.4057045364559,-0.00396202387978241
10.44,-30.7874167743937,-0.0036286731495156
10.445,-31.1633990589096,-0.00332777506558368
10.45,-31.5342591145763,-0.00305544524329065
10.455,-31.9005747482002,-0.00280835224659569
10.46,-32.2628971217593,-0.00258362799651474
10.465,-32.6217539431487,-0.0023787942320026
10.47,-32.9776525530898,-0.00219170191577725
10.475,-33.3310829031009,-0.00202048111423667
10.48,-33.6825204301254,-0.00186349938205649
10.485,-34.0324288409829,-0.00171932707729744
10.49,-34.3812628251574,-0.00158670834524337
10.495,-34.729470718078,-0.00146453675595
10.5,-35.0774971403217,-0.00135183477607803
10.505,-35.4257856406514,-0.00124773641162104
10.51,-35.774781373832,-0.00115147248214714
10.515,-36.1249338470079,-0.00106235808645793
10.52,-36.4766997721105,-0.000979781899767794
10.525,-36.8305460661055,-0.000903197006354073
10.53,-37.1869530463155,-0.000832113024037592
10.535,-37.5464178753251,-0.000766089318791567
10.54,-37.909458317743,-0.000704729142037546
10.545,-38.2766168827393,-0.000647674551562784
10.55,-38.6484654398488,-0.000594601999540211
10.555,-39.0256104119569,-0.000545218490421926
10.56,-39.4086986729045,-0.000499258226604749
10.565,-39.7984243034036,-0.00045647967309825
10.57,-40.1955363966356,-0.000416662982901299
10.575,-40.6008481497302,-0.000379607733458091
10.58,-41.0152475387298,-0.000345130932560348
10.585,-41.4397099532384,-0.000313065257672985
10.59,-41.8753132717896,-0.000283257498260782
10.595,-42.3232559981435,-0.00025556717498478
10.6,-42.7848792678148,-0.000229865313271488
10.605,-43.261693791038,-0.000206033351941089
10.61,-43.7554131546818,-0.000183962170262842
10.615,-44.2679954036714,-0.000163551219134279
10.62,-44.8016955329403,-0.000144707743682644
10.625,-45.3591325472592,-0.000127346086757519
10.63,-45.9433762580846,-0.000111387063693273
10.635,-46.5580612586423,-9.6757400220706e-05
10.64,-47.2075390086322,-8.33892263657285e-05
10.645,-47.8970844568531,-7.12196200734285e-05
10.65,-48.6331825331848,-6.01901949995195e-05
10.655,-49.4239347216931,-5.02467277738107e-05
10.66,-50.2796517290584,-4.13388203435852e-05
10.665,-51.2137449008122,-3.34195937891531e-05
10.67,-52.2441176144014,-2.64454101970242e-05
10.675,-53.395436237718,-2.03756197781534e-05
10.68,-54.7030458101422,-1.51723305674428e-05
10.685,-56.2202059651176,-1.08001984323901e-05
10.69,-58.032729252448,-7.22623540630288e-06
10.695,-60.2925071107254,-4.41963442817284e-06
10.7,-63.309713999299,-2.35160898415306e-06
10.705,-67.8974971829752,-9.95246143748389e-07
10.71,-78.0061236937501,-3.25371706674607e-07
10.715,-76.5905089836947,-3.18426356741698e-07
10.72,-67.5573409787383,-9.52351696998453e-07
10.725,-63.2625862286754,-2.20648536829932e-06
10.73,-60.4271391826374,-4.06146426931276e-06
10.735,-58.3121965314402,-6.49913526150914e-06
10.74,-56.6278905746131,-9.50247259322856e-06
10.745,-55.2301740875998,-1.30555014775378e-05
10.75,-54.0369258635471,-1.71432272489672e-05
10.755,-52.9968682299072,-2.17515696254926e-05
10.76,-52.0758289166154,-2.68673015953989e-05
10.765,-51.2498909656089,-3.24779925335338e-05
10.77,-50.501661631761,-3.85719551784797e-05
10.775,-49.8180974655387,-4.51381961205027e-05
10.78,-49.1891663322588,-5.21663694935453e-05
10.785,-48.6069873647521,-5.96467335867152e-05
10.79,-48.065257577126,-6.75701101360565e-05
10.795,-47.5588576188388,-7.59278460332863e-05
10.8,-47.0835734401132,-8.47117772219373e-05
10.805,-46.6358952387553,-9.39141946583933e-05
10.81,-46.2128692892841,-0.000103527812047516
10.815,-45.8119867947732,-0.000113545735270855
10.82,-45.4310991903601,-0.000123961433281767
10.825,-45.0683526847564,-0.000134768710396035
10.83,-44.7221370267166,-0.000145961679757152
10.835,-44.3910449402547,-0.000157534737932828
10.84,-44.0738396707058,-0.000169482540470096
10.845,-43.7694287704871,-0.000181799978303881
10.85,-43.476842739591,-0.000194482154948606
10.855,-43.1952174800864,-0.000207524364354209
10.86,-42.9237797770278,-0.000220922069305058
10.865,-42.6618352006821,-0.000234670880340501
10.87,-42.4087579613114,-0.00024876653504084
10.875,-42.163982351613,-0.000263204877668091
10.88,-41.9269954870204,-0.000277981839022642
10.885,-41.6973311169849,-0.000293093416489776
10.89,-41.474564321745,-0.000308535654169932
10.895,-41.2583069487265,-0.000324304623049324
10.9,-41.0482036680926,-0.000340396401138554
10.905,-40.8439285499926,-0.000356807053481807
10.91,-40.6451820835264,-0.000373532612050116
10.915,-40.4516885709365,-0.000390569055321939
10.92,-40.2631938429941,-0.000407912287652301
10.925,-40.079463248997,-0.000425558118230845
10.93,-39.9002798839809,-0.000443502239631678
10.935,-39.7254430203833,-0.000461740205884575
10.94,-39.5547667176392,-0.000480267409980751
10.945,-39.3880785861294,-0.000499079060808333
10.95,-39.2252186863931,-0.000518170159369008
10.955,-39.0660385468444,-0.00053753547427197
10.96,-38.9104002853553,-0.00055716951641544
10.965,-38.7581758232565,-0.000577066512865393
10.97,-38.6092461798587,-0.000597220379639247
10.975,-38.4635008402326,-0.000617624693670315
10.98,-38.3208371863045,-0.000638272663564326
10.985,-38.1811599862126,-0.000659157099254096
10.99,-38.0443809346923,-0.000680270380453925
10.995,-37.9104182401834,-0.000701604423763275
11.0,-37.7791962533659,-0.000723150648474653
11.005,-37.6506451341618,-0.0007448999408928
11.01,-37.524700552704,-0.000766842617140084
11.015,-37.4013034219847,-0.000788968384358378
11.02,-37.2803996594327,-0.000811266300258226
11.025,-37.1619399749468,-0.000833724730909172
11.03,-37.0458796837417,-0.00085633130661115
11.035,-36.9321785417146,-0.000879072876002189
11.04,-36.8208006027228,-0.000901935458004105
11.045,-36.7117140956295,-0.000924904191827992
11.05,-36.6048913207717,-0.000947963284724144
11.055,-36.5003085644475,-0.000971095957576696
11.06,-36.3979460311025,-0.000994284388101894
11.065,-36.2977877923545,-0.00101750965182071
11.07,-36.1998217527672,-0.00104075166042871
11.075,-36.1040396317341,-0.0010639890977822
11.08,-36.0104369618096,-0.00108719935332413
11.085,-35.919013102939,-0.00111035845286879
11.09,-35.8297712733924,-0.00113344098683521
11.095,-35.7427185971698,-0.00115642003581827
11.1,-35.6578661684768,-0.00117926709354977
11.105,-35.5752291340099,-0.00120195198716001
11.11,-35.4948267936098,-0.00122444279509383
11.115,-35.4166827203963,-0.0012467057622194
11.12,-35.340824901186,-0.00126870521281869
11.125,-35.2672858987977,-0.0012904034611617
11.13,-35.1961030378304,-0.00131176072007572
11.135,-35.1273186151219,-0.00133273500769221
11.14,-35.0609801379576,-0.00135328205253856
11.145,-34.9971405910538,-0.00137335519762134
11.15,-34.9358587365877,-0.00139290530360085
11.155,-34.8771994488915,-0.00141188065186491
11.16,-34.8212340885854,-0.00143022684796918
11.165,-34.7680409193751,-0.00144788672620381
11.17,-34.7177055728698,-0.00146480025638959
11.175,-34.6703215663694,-0.00148090445360945
11.18,-34.6259908799711,-0.0014961332924609
11.185,-34.5848246003035,-0.00151041762695114
11.19,-34.5469436389096,-0.00152368511814229
11.195,-34.5124795349311,-0.00153586017098317
11.2,-34.4815753530143,-0.00154686388316912
11.205,-34.4543866896363,-0.00155661400828246
11.21,-34.4310828023532,-0.00156502493645536
11.215,-34.4118478798523,-0.00157200769616008
11.22,-34.3968824733275,-0.00157746998117377
11.225,-34.3864051130569,-0.00158131620744826
11.23,-34.3806541392351,-0.0015834476054616
11.235,-34.3798897807119,-0.00158376235433635
11.24,-34.3843965219382,-0.00158215576488001
11.245,-34.3944858069019,-0.00157852052025179
11.25,-34.4104991375767,-0.00157274698353238
11.255,-34.4328116376551,-0.00156472358362553
11.26,-34.4618361663034,-0.00155433729202302
11.265,-34.4980280866511,-0.00154147420538324
11.27,-34.5418908160095,-0.00152602025060212
11.275,-34.5939823165303,-0.00150786203210771
11.28,-34.6549227225297,-0.00148688784349533
11.285,-34.725403350409,-0.00146298886943211
11.29,-34.8061974023381,-0.00143606060748865
11.295,-34.8981727587239,-0.00140600454395779
11.3,-35.0023073670541,-0.00137273012298834
11.305,-35.1197078842313,-0.00133615705420428
11.31,-35.2516324326727,-0.0012962180112041
11.315,-35.3995186072506,-0.00125286178070173
11.32,-35.5650182554038,-0.00120605693182069
11.325,-35.750041093931,-0.00115579608548298
11.33,-35.956809997191,-0.00110210087618759
11.335,-36.1879319150063,-0.00104502771252175
11.34,-36.4464900374472,-0.000984674459945408
11.345,-36.736165329013,-0.000921188187873477
11.35,-37.0613994282503,-0.000854774146047578
11.355,-37.4276170412547,-0.000785706160560023
11.36,-37.8415359663954,-0.000714338670899696
11.365,-38.3116097482812,-0.000641120663452189
11.37,-38.8486774612226,-0.000566611798991682
11.375,-39.4669490368713,-0.000491501078431542
11.38,-40.1855582473897,-0.000416628447658877
11.385,-41.0311274848158,-0.000343009806566319
11.39,-42.0422555402166,-0.000271865963689806
11.395,-43.2779688811959,-0.000204656166667657
11.4,-44.835256978821,-0.000143116942385645
11.405,-46.89070631444,-8.93071020888822e-05
11.41,-49.8216535872094,-4.56599092112752e-05
11.415,-54.7102806122918,-1.50435738907846e-05
11.42,-69.1397273232256,-8.31433198737652e-07
11.425,-58.0804012301124,-6.98340496037245e-06
11.43,-50.5793372489567,-3.8140569976406e-05
11.435,-46.3904674662797,-9.97350519614964e-05
11.44,-43.4063741212351,-0.000198117730121841
11.445,-41.0508966882623,-0.000340706750460882
11.45,-39.0816200731242,-0.000536160301612369
11.455,-37.373362061142,-0.00079457770835706
11.46,-35.8529578238031,-0.00112773357741113
11.465,-34.4739034455699,-0.00154935052311713
11.47,-33.2047851836481,-0.00207541691971996
11.475,-32.0233765720936,-0.00272455718606473
11.48,-30.913367327961,-0.00351846332667642
11.485,-29.8624308361232,-0.00448239784015496
11.49,-28.8610226203783,-0.00564577967573883
11.495,-27.9016015151059,-0.0070428666734994
11.5,-26.9781070866663,-0.00871354985626969
11.505,-26.0855987020909,-0.0107042770301053
11.51,-25.2200001078141,-0.0130691253360906
11.515,-24.3779149624427,-0.0158710445959169
11.52,-23.5564913708381,-0.019183295349699
11.525,-22.7533210891104,-0.0230911071621157
11.53,-21.9663638230398,-0.0276935837206993
11.535,-21.1938900874974,-0.0331058809511571
11.54,-20.4344380919642,-0.0394616820901957
11.545,-19.6867814548743,-0.046915988362958
11.55,-18.9499054600887,-0.0556482342107348
11.555,-18.2229901948278,-0.0658657200358463
11.56,-17.5053993385776,-0.0778073307691436
11.565,-16.7966736620799,-0.0917474721984005
11.57,-16.0965284779365,-0.108000105318304
11.575,-15.4048543795242,-0.126922687947763
11.58,-14.7217206227735,-0.148919738472633
11.585,-14.047380451092,-0.174445615600493
11.59,-13.382277538084,-0.204005959516453
11.595,-12.7270525291364,-0.238157067346332
11.6,-12.0825484077012,-0.277502290661323
11.605,-11.4498131126766,-0.322684367959741
11.61,-10.830097522412,-0.374372479994366
11.615,-10.2248466538047,-0.433242799581891
11.62,-9.63568178248577,-0.499951478991651
11.625,-9.0643712776491,-0.575099468736733
11.63,-8.51278838047993,-0.65918937721971
11.635,-7.98285504310196,-0.752575807766585
11.64,-7.47647233592829,-0.85541220922413
11.645,-6.9954397717162,-0.967599074629208
11.65,-6.54136798391314,-1.08873998012867
11.655,-6.11559117757527,-1.21811298703709
11.66,-5.71908717500116,-1.35466479575227
11.665,-5.35241324103422,-1.49703332614487
11.67,-5.01566489053689,-1.6436010246867
11.675,-4.7084625533356,-1.79257657909131
11.68,-4.42996766300658,-1.9420977727286
11.685,-4.17892609905926,-2.09034414222644
11.69,-3.95373370191671,-2.23564603150589
11.695,-3.75251642024853,-2.37657718428902
11.7,-3.57321685576763,-2.51202105866656
11.705,-3.41367949482722,-2.64120574777938
11.71,-3.27172842382477,-2.76370751956945
11.715,-3.14523334282262,-2.87942735268824
11.72,-3.03216176038825,-2.98854765131904
11.725,-2.93061703465839,-3.09147733049595
11.73,-2.83886324173882,-3.18879292614609
11.735,-2.75533866575665,-3.28118183466559
11.74,-2.67866007546312,-3.36939181409224
11.745,-2.6076199881743,-3.45418896041235
11.75,-2.54117893971828,-3.53632480212947
11.755,-2.47845448032416,-3.6165120499218
11.76,-2.41870827720132,-3.69540788262127
11.765,-2.36133237487625,-3.77360336130564
11.77,-2.30583537231968,-3.85161753224155
11.775,-2.25182903356828,-3.92989490613038
11.78,-2.19901565755555,-4.00880520643723
11.785,-2.14717638898298,-4.08864450890548
11.79,-2.09616054823138,-4.16963711464138
11.795,-2.04587598681879,-4.2519376935799
11.8,-1.99628042845098,-4.33563339779279
11.805,-1.94737372792954,-4.42074577548312
11.81,-1.89919096593227,-4.50723242038606
11.815,-1.85179629285227,-4.59498837254352
11.82,-1.80527743641396,-4.68384734979253
11.825,-1.75974079334668,-4.77358293870661
11.83,-1.71530703335586,-4.86390991192651
11.835,-1.67210715278016,-4.95448586729988
11.84,-1.63027892484369,-5.04491340329865
11.845,-1.58996370273359,-5.13474305396189
11.85,-1.55130354046419,-5.2234772034006
11.855,-1.51443860437509,-5.31057518238505
11.86,-1.47950485499047,-5.395459715271
11.865,-1.44663198473789,-5.47752483241857
11.87,-1.41594160164853,-5.55614529035085
11.875,-1.38754565262698,-5.63068744993067
11.88,-1.36154508222327,-5.70052145505767
11.885,-1.338028724124,-5.76503443691715
11.89,-1.31707242289695,-5.8236443507813
11.895,-1.29873838299265,-5.87581394542972
11.9,-1.28307474076881,-5.92106428248531
11.905,-1.27011535351371,-5.95898717714261
11.91,-1.25987979727888,-5.98925593325566
11.915,-1.25237356294821,-6.01163380036015
11.92,-1.24758843755182,-6.0259796875014
11.925,-1.24550305552418,-6.03225082132287
11.93,-1.24608360254301,-6.03050221985118
11.935,-1.24928465288985,-6.0208830502414
11.94,-1.25505012001543,-6.00363012792203
11.945,-1.26331429923359,-5.97905897688928
11.95,-1.2740029812252,-5.94755299126007
11.955,-1.28703461530435,-5.90955130772939
11.96,-1.3023215021461,-5.86553601532977
11.965,-1.31977099683896,-5.81601929738749
11.97,-1.33928670466082,-5.76153103024155
11.975,-1.36076965376728,-5.70260726643462
11.98,-1.3841194309802,-5.63977991969627
11.985,-1.40923526896808,-5.57356785699482
11.99,-1.43601707522128,-5.50446949878901
11.995,-1.46436639535213,-5.43295693894108
12.0,-1.49418730520158,-5.3594715242091
12.005,-1.52538722812058,-5.28442078084814
12.01,-1.55787767542003,-5.20817654169332
12.015,-1.59157490946459,-5.13107410890964
12.02,-1.62640053010867,-5.05341228244824
12.025,-1.66228198619398,-4.97545408899324
12.03,-1.69915301460363,-4.8974280578553
12.035,-1.73695400997407,-4.8195299062468
12.04,-1.7756323285508,-4.74192451455279
12.045,-1.81514252988024,-4.66474809095074
12.05,-1.85544656013939,-4.58811044287603
12.055,-1.8965138807957,-4.51209728960549
12.06,-1.93832154617223,-4.43677256519495
12.065,-1.98085423323647,-4.36218067394559
12.07,-2.02410422659087,-4.28834867146716
12.075,-2.06807136135843,-4.2152883533264
12.08,-2.11276292622452,-4.14299824038566
12.085,-2.1581935285681,-4.07146545543479
12.09,-2.20438492318814,-4.00066748981559
12.095,-2.25136580587035,-3.93057386163144
12.1,-2.29917157263088,-3.86114766903128
12.105,-2.34784404529086,-3.79234704312526
12.11,-2.3974311637764,-3.72412650549751
12.115,-2.44798664540621,-3.65643823517037
12.12,-2.49956961136752,-3.58923324936265
12.125,-2.5522441805546,-3.52246250159919
12.13,-2.60607903105608,-3.45607789974564
12.135,-2.66114692969256,-3.39003324547027
12.14,-2.71752423030732,-3.32428509553639
12.145,-2.77529034180624,-3.25879354428359
12.15,-2.83452716731708,-3.19352292572152
12.155,-2.89531851638341,-3.12844243289426
12.16,-2.95774949255537,-3.06352665162229
12.165,-3.02190585937632,-2.99875600543043
12.17,-3.08787338835649,-2.93411710845046
12.175,-3.15573719313805,-2.86960302336506
12.18,-3.22558105470814,-2.80521342203485
12.185,-3.29748674307471,-2.74095464731444
12.19,-3.3715333414048,-2.6768396756906
12.195,-3.44779657907107,-2.61288798173149
12.2,-3.52634818042903,-2.54912530686252
12.205,-3.6072552364252,-2.4855833366327
12.21,-3.69057960624195,-2.42229929232469
12.215,-3.77637735615458,-2.35931544442683
12.22,-3.86469824257387,-2.29667855705206
12.225,-3.95558524590747,-2.23443927377996
12.23,-4.04907416129012,-2.17265145655968
12.235,-4.14519325159048,-2.11137149017978
12.24,-4.24396296719567,-2.05065756535673
12.245,-4.34539573614339,-1.99056895368223
12.25,-4.44949582705861,-1.93116528750132
12.255,-4.55625928618863,-1.8725058572716
12.26,-4.66567394867176,-1.81464893810735
12.265,-4.77771952287969,-1.75765115607553
12.27,-4.89236774559593,-1.70156690343643
12.275,-5.00958260457969,-1.64644781046653
12.28,-5.12932062409012,-1.59234227982582
12.285,-5.251531208024,-1.53929508770421
12.29,-5.37615703456657,-1.48734705425598
12.295,-5.50313449561796,-1.43653478417135
12.3,-5.63239417387851,-1.38689047668629
12.305,-5.76386135016115,-1.33844180293154
12.31,-5.89745653344907,-1.29121184730924
12.315,-6.03309600626692,-1.2452191085712
12.32,-6.17069237817155,-1.20047755547318
12.325,-6.31015514049462,-1.15699673129288
12.33,-6.45139121598124,-1.11478190111757
12.335,-6.59430549749081,-1.07383423562175
12.34,-6.73880137055498,-1.03415102503872
12.345,-6.88478121527808,-0.995725917169943
12.35,-7.03214688374426,-0.958549173538764
12.355,-7.18080014980068,-0.922607938162547
12.36,-7.33064312877698,-0.887886513860009
12.365,-7.48157866535122,-0.854366641507457
12.37,-7.63351068840497,-0.822027778186038
12.375,-7.7863445322711,-0.790847370703712
12.38,-7.93998722430263,-0.760801121513603
12.385,-8.0943477391227,-0.731863244572216
12.39,-8.24933722034764,-0.704006709174668
12.395,-8.40486917085779,-0.677203470263632
12.4,-8.56085961299962,-0.651424684126871
12.405,-8.71722722030864,-0.626640908774074
12.41,-8.87389342246678,-0.602822288612394
12.415,-9.03078248536983,-0.579938723325644
12.42,-9.18782156822101,-0.557960021103232
12.425,-9.34494075958328,-0.536856036564724
12.43,-9.50207309435192,-0.516596793887172
12.435,-9.65915455354015,-0.497152595769307
12.44,-9.81612404875449,-0.478494118960899
12.445,-9.9729233931204,-0.460592497153733
12.45,-10.129497260375,-0.443419392073068
12.455,-10.2857931337145,-0.426947053631492
12.46,-10.4417612458854,-0.411148370012542
12.465,-10.5973545119248,-0.395996908542377
12.47,-10.7525284558071,-0.381466948187677
12.475,-10.9072411321695,-0.367533504489086
12.48,-11.0614530441838,-0.354172347702598
12.485,-11.2151270585111,-0.341360014882007
12.49,-11.3682283182106,-0.329073816589461
12.495,-11.5207241543525,-0.317291838876748
12.5,-11.6725839970104,-0.305992941131822
12.505,-11.8237792862114,-0.295156750339078
12.51,-11.9742833833633,-0.284763652255125
12.515,-12.1240714835931,-0.274794779957955
12.52,-12.2731205293669,-0.265232000183881
12.525,-12.4214091257089,-0.256057897826678
12.53,-12.5689174572809,-0.247255758934138
12.535,-12.7156272075291,-0.238809552502326
12.54,-12.8615214800746,-0.230703911333766
12.545,-13.0065847224715,-0.222924112195281
12.55,-13.1508026524381,-0.215456055482645
12.555,-13.2941621866176,-0.208286244573649
12.56,-13.4366513719208,-0.201401765027275
12.565,-13.5782593194631,-0.194790263765261
12.57,-13.7189761410972,-0.188439928353167
12.575,-13.8587928885216,-0.182339466480634
12.58,-13.9977014949388,-0.176478085725157
12.585,-14.1356947192151,-0.170845473669196
12.59,-14.272766092489,-0.165431778429185
12.595,-14.4089098671712,-0.160227589642914
12.6,-14.5441209682618,-0.155223919953033
12.605,-14.6783949469173,-0.150412187015555
12.61,-14.8117279361902,-0.145784196054987
12.615,-14.9441166088531,-0.141332122981133
12.62,-15.0755581372425,-0.137048498077366
12.625,-15.2060501550149,-0.13292619026506
12.63,-15.3355907207623,-0.128958391944858
12.635,-15.4641782833688,-0.125138604412161
12.64,-15.5918116490628,-0.121460623840906
12.645,-15.7184899500444,-0.117918527827651
12.65,-15.8442126146422,-0.114506662485672
12.655,-15.9689793388952,-0.111219630077117
12.66,-16.0927900594904,-0.108052277169968
12.665,-16.2156449279876,-0.104999683305869
12.67,-16.337544286242,-0.102057150163446
12.675,-16.4584886429697,-0.0992201912012635
12.68,-16.57847865137,-0.0964845217649891
12.685,-16.6975150877458,-0.093846049642026
12.69,-16.8155988310616,-0.0913008660470087
12.695,-16.9327308433529,-0.0888452370223959
12.7,-17.0489121509588,-0.0864755952374321
12.705,-17.1641438264797,-0.0841885321693887
12.71,-17.2784269714424,-0.0819807906513464
12.715,-17.391762699569,-0.0798492577711119
12.72,-17.5041521206442,-0.0777909581058221
12.725,-17.6155963248935,-0.0758030472774325
12.73,-17.726096367823,-0.0738828058152672
12.735,-17.8356532554926,-0.0720276333109428
12.74,-17.9442679301462,-0.0702350428525708
12.745,-18.0519412561635,-0.0685026557251967
12.75,-18.1586740062904,-0.0668281963648274
12.755,-18.2644668480817,-0.0652094875538975
12.76,-18.369320330534,-0.0636444458466382
12.765,-18.4732348708446,-0.0621310772129803
12.77,-18.576210741255,-0.0606674728902615
12.775,-18.678248055936,-0.0592518054325291
12.78,-18.7793467578724,-0.0578823249473205
12.785,-18.8795066056814,-0.0565573555104351
12.79,-18.9787271603409,-0.055275291749815
12.795,-19.077007771789,-0.0540345955892624
12.8,-19.1743475652773,-0.0528337931442009
12.805,-19.2707454275419,-0.0516714717610051
12.81,-19.366199992633,-0.0505462771922562
12.815,-19.4607096274214,-0.0494569109006649
12.82,-19.554272416692,-0.048402127484235
12.825,-19.6468861477732,-0.0473807322162028
12.83,-19.7385482946739,-0.0463915786925244
12.835,-19.8292560016065,-0.0454335665813571
12.84,-19.9190060658945,-0.044505639467612
12.845,-20.0077949201509,-0.0436067827869087
12.85,-20.0956186136749,-0.0427360218433789
12.855,-20.1824727929903,-0.0418924199051372
12.86,-20.2683526814325,-0.0410750763722677
12.865,-20.353253057721,-0.0402831250118978
12.87,-20.437168233372,-0.0395157322549086
12.875,-20.5200920289397,-0.0387720955489988
12.88,-20.6020177488664,-0.0380514417629645
12.885,-20.6829381549401,-0.0373530256370484
12.89,-20.762845438129,-0.0366761282737982
12.895,-20.8417311887565,-0.0360200556644077
12.9,-20.9195863647797,-0.0353841372452642
12.905,-20.996401258088,-0.0347677244785022
12.91,-21.0721654586056,-0.034170189452032
12.915,-21.1468678160134,-0.0335909234920556
12.92,-21.2204963989149,-0.0330293357825815
12.925,-21.2930384511857,-0.0324848519853413
12.93,-21.3644803452987,-0.0319569128533817
12.935,-21.4348075323282,-0.0314449728309281
12.94,-21.5040044883506,-0.0309484986320395
12.945,-21.5720546569484,-0.0304669677897536
12.95,-21.6389403874047,-0.0299998671665293
12.955,-21.7046428682617,-0.0295466914165951
12.96,-21.7691420557835,-0.0291069413895688
12.965,-21.832416596846,-0.0286801224634669
12.97,-21.8944437457496,-0.0282657427949004
12.975,-21.9551992743649,-0.0278633114719601
12.98,-22.0146573749654,-0.0274723365545521
12.985,-22.0727905550543,-0.0270923229849945
12.99,-22.1295695233521,-0.0267227703494825
12.995,-22.1849630661133,-0.0263631704694305
13.0,-22.238937912736,-0.026013004798572
