freq_ghz,S21_dB,S11_dB
0.500000,-1.762669,-4.767702
0.505000,-1.786385,-4.720712
0.510000,-1.810010,-4.674652
0.515000,-1.833540,-4.629503
0.520000,-1.856971,-4.585244
0.525000,-1.880299,-4.541857
0.530000,-1.903519,-4.499322
0.535000,-1.926629,-4.457622
0.540000,-1.949624,-4.416739
0.545000,-1.972501,-4.376656
0.550000,-1.995257,-4.337356
0.555000,-2.017887,-4.298823
0.560000,-2.040388,-4.261041
0.565000,-2.062757,-4.223994
0.570000,-2.084992,-4.187669
0.575000,-2.107087,-4.152049
0.580000,-2.129041,-4.117122
0.585000,-2.150851,-4.082872
0.590000,-2.172513,-4.049288
0.595000,-2.194025,-4.016355
0.600000,-2.215383,-3.984061
0.605000,-2.236585,-3.952394
0.610000,-2.257629,-3.921342
0.615000,-2.278511,-3.890892
0.620000,-2.299230,-3.861034
0.625000,-2.319782,-3.831756
0.630000,-2.340165,-3.803047
0.635000,-2.360377,-3.774897
0.640000,-2.380415,-3.747296
0.645000,-2.400278,-3.720233
0.650000,-2.419962,-3.693698
0.655000,-2.439467,-3.667683
0.660000,-2.458789,-3.642177
0.665000,-2.477927,-3.617172
0.670000,-2.496878,-3.592659
0.675000,-2.515641,-3.568630
0.680000,-2.534215,-3.545075
0.685000,-2.552596,-3.521987
0.690000,-2.570783,-3.499358
0.695000,-2.588775,-3.477180
0.700000,-2.606569,-3.455446
0.705000,-2.624165,-3.434148
0.710000,-2.641560,-3.413278
0.715000,-2.658753,-3.392831
0.720000,-2.675742,-3.372798
0.725000,-2.692526,-3.353175
0.730000,-2.709103,-3.333953
0.735000,-2.725473,-3.315127
0.740000,-2.741633,-3.296691
0.745000,-2.757582,-3.278638
0.750000,-2.773319,-3.260963
0.755000,-2.788843,-3.243660
0.760000,-2.804152,-3.226723
0.765000,-2.819246,-3.210148
0.770000,-2.834123,-3.193928
0.775000,-2.848781,-3.178059
0.780000,-2.863220,-3.162536
0.785000,-2.877439,-3.147354
0.790000,-2.891437,-3.132508
0.795000,-2.905213,-3.117994
0.800000,-2.918765,-3.103807
0.805000,-2.932093,-3.089942
0.810000,-2.945195,-3.076396
0.815000,-2.958072,-3.063164
0.820000,-2.970721,-3.050243
0.825000,-2.983143,-3.037628
0.830000,-2.995336,-3.025316
0.835000,-3.007300,-3.013303
0.840000,-3.019033,-3.001585
0.845000,-3.030535,-2.990159
0.850000,-3.041806,-2.979022
0.855000,-3.052844,-2.968170
0.860000,-3.063648,-2.957599
0.865000,-3.074219,-2.947308
0.870000,-3.084556,-2.937293
0.875000,-3.094657,-2.927550
0.880000,-3.104523,-2.918078
0.885000,-3.114152,-2.908874
0.890000,-3.123545,-2.899934
0.895000,-3.132700,-2.891256
0.900000,-3.141617,-2.882838
0.905000,-3.150295,-2.874677
0.910000,-3.158735,-2.866772
0.915000,-3.166935,-2.859119
0.920000,-3.174895,-2.851716
0.925000,-3.182615,-2.844562
0.930000,-3.190094,-2.837655
0.935000,-3.197331,-2.830992
0.940000,-3.204327,-2.824572
0.945000,-3.211081,-2.818393
0.950000,-3.217593,-2.812453
0.955000,-3.223862,-2.806750
0.960000,-3.229887,-2.801284
0.965000,-3.235670,-2.796051
0.970000,-3.241208,-2.791052
0.975000,-3.246502,-2.786285
0.980000,-3.251553,-2.781747
0.985000,-3.256358,-2.777439
0.990000,-3.260919,-2.773359
0.995000,-3.265234,-2.769505
1.000000,-3.269305,-2.765877
1.005000,-3.273129,-2.762474
1.010000,-3.276708,-2.759294
1.015000,-3.280041,-2.756338
1.020000,-3.283128,-2.753603
1.025000,-3.285968,-2.751091
1.030000,-3.288563,-2.748798
1.035000,-3.290910,-2.746726
1.040000,-3.293011,-2.744874
1.045000,-3.294865,-2.743240
1.050000,-3.296472,-2.741825
1.055000,-3.297832,-2.740629
1.060000,-3.298945,-2.739650
1.065000,-3.299811,-2.738889
1.070000,-3.300429,-2.738345
1.075000,-3.300801,-2.738019
1.080000,-3.300925,-2.737910
1.085000,-3.300801,-2.738018
1.090000,-3.300431,-2.738344
1.095000,-3.299813,-2.738887
1.100000,-3.298948,-2.739647
1.105000,-3.297836,-2.740625
1.110000,-3.296476,-2.741821
1.115000,-3.294870,-2.743236
1.120000,-3.293016,-2.744869
1.125000,-3.290916,-2.746721
1.130000,-3.288568,-2.748793
1.135000,-3.285975,-2.751085
1.140000,-3.283134,-2.753598
1.145000,-3.280047,-2.756332
1.150000,-3.276714,-2.759289
1.155000,-3.273135,-2.762468
1.160000,-3.269310,-2.765872
1.165000,-3.265239,-2.769500
1.170000,-3.260923,-2.773354
1.175000,-3.256362,-2.777435
1.180000,-3.251556,-2.781744
1.185000,-3.246505,-2.786282
1.190000,-3.241210,-2.791050
1.195000,-3.235671,-2.796050
1.200000,-3.229888,-2.801283
1.205000,-3.223862,-2.806750
1.210000,-3.217593,-2.812452
1.215000,-3.211081,-2.818393
1.220000,-3.204327,-2.824572
1.225000,-3.197332,-2.830992
1.230000,-3.190095,-2.837654
1.235000,-3.182617,-2.844560
1.240000,-3.174899,-2.851712
1.245000,-3.166941,-2.859112
1.250000,-3.158744,-2.866763
1.255000,-3.150308,-2.874665
1.260000,-3.141634,-2.882821
1.265000,-3.132722,-2.891234
1.270000,-3.123574,-2.899906
1.275000,-3.114189,-2.908838
1.280000,-3.104569,-2.918034
1.285000,-3.094713,-2.927496
1.290000,-3.084624,-2.937227
1.295000,-3.074301,-2.947229
1.300000,-3.063746,-2.957504
1.305000,-3.052958,-2.968057
1.310000,-3.041940,-2.978889
1.315000,-3.030692,-2.990003
1.320000,-3.019215,-3.001404
1.325000,-3.007509,-3.013093
1.330000,-2.995576,-3.025074
1.335000,-2.983417,-3.037350
1.340000,-2.971033,-3.049925
1.345000,-2.958425,-3.062802
1.350000,-2.945594,-3.075984
1.355000,-2.932541,-3.089476
1.360000,-2.919268,-3.103281
1.365000,-2.905775,-3.117403
1.370000,-2.892064,-3.131845
1.375000,-2.878136,-3.146612
1.380000,-2.863993,-3.161708
1.385000,-2.849636,-3.177137
1.390000,-2.835066,-3.192903
1.395000,-2.820285,-3.209010
1.400000,-2.805295,-3.225464
1.405000,-2.790097,-3.242267
1.410000,-2.774692,-3.259427
1.415000,-2.759083,-3.276946
1.420000,-2.743271,-3.294830
1.425000,-2.727257,-3.313083
1.430000,-2.711045,-3.331712
1.435000,-2.694635,-3.350720
1.440000,-2.678030,-3.370113
1.445000,-2.661231,-3.389897
1.450000,-2.644241,-3.410077
1.455000,-2.627062,-3.430658
1.460000,-2.609696,-3.451647
1.465000,-2.592145,-3.473048
1.470000,-2.574411,-3.494868
1.475000,-2.556498,-3.517113
1.480000,-2.538407,-3.539789
1.485000,-2.520141,-3.562902
1.490000,-2.501702,-3.586458
1.495000,-2.483094,-3.610463
1.500000,-2.464319,-3.634925
1.505000,-2.445379,-3.659850
1.510000,-2.426278,-3.685244
1.515000,-2.407018,-3.711114
1.520000,-2.387603,-3.737467
1.525000,-2.368036,-3.764310
1.530000,-2.348320,-3.791651
1.535000,-2.328458,-3.819495
1.540000,-2.308453,-3.847851
1.545000,-2.288310,-3.876726
1.550000,-2.268031,-3.906128
1.555000,-2.247621,-3.936063
1.560000,-2.227082,-3.966540
1.565000,-2.206419,-3.997565
1.570000,-2.185636,-4.029148
1.575000,-2.164736,-4.061295
1.580000,-2.143724,-4.094014
1.585000,-2.122605,-4.127314
1.590000,-2.101381,-4.161201
1.595000,-2.080058,-4.195685
1.600000,-2.058640,-4.230773
1.605000,-2.037133,-4.266474
1.610000,-2.015539,-4.302794
1.615000,-1.993865,-4.339743
1.620000,-1.972115,-4.377328
1.625000,-1.950294,-4.415557
1.630000,-1.928408,-4.454438
1.635000,-1.906461,-4.493979
1.640000,-1.884459,-4.534188
1.645000,-1.862407,-4.575072
1.650000,-1.840312,-4.616639
1.655000,-1.818178,-4.658897
1.660000,-1.796012,-4.701852
1.665000,-1.773819,-4.745513
1.670000,-1.751606,-4.789885
1.675000,-1.729378,-4.834976
1.680000,-1.707142,-4.880792
1.685000,-1.684904,-4.927339
1.690000,-1.662671,-4.974623
1.695000,-1.640450,-5.022650
1.700000,-1.618246,-5.071424
1.705000,-1.596067,-5.120951
1.710000,-1.573920,-5.171234
1.715000,-1.551812,-5.222277
1.720000,-1.529750,-5.274083
1.725000,-1.507742,-5.326655
1.730000,-1.485794,-5.379994
1.735000,-1.463914,-5.434102
1.740000,-1.442110,-5.488978
1.745000,-1.420390,-5.544623
1.750000,-1.398760,-5.601033
1.755000,-1.377231,-5.658208
1.760000,-1.355808,-5.716142
1.765000,-1.334501,-5.774832
1.770000,-1.313317,-5.834270
1.775000,-1.292265,-5.894450
1.780000,-1.271353,-5.955361
1.785000,-1.250589,-6.016995
1.790000,-1.229983,-6.079337
1.795000,-1.209542,-6.142375
1.800000,-1.189276,-6.206091
1.805000,-1.169193,-6.270469
1.810000,-1.149302,-6.335487
1.815000,-1.129611,-6.401123
1.820000,-1.110130,-6.467352
1.825000,-1.090867,-6.534146
1.830000,-1.071832,-6.601475
1.835000,-1.053033,-6.669305
1.840000,-1.034480,-6.737600
1.845000,-1.016181,-6.806320
1.850000,-0.998145,-6.875422
1.855000,-0.980382,-6.944860
1.860000,-0.962901,-7.014583
1.865000,-0.945710,-7.084538
1.870000,-0.928819,-7.154665
1.875000,-0.912237,-7.224903
1.880000,-0.895972,-7.295184
1.885000,-0.880033,-7.365439
1.890000,-0.864430,-7.435591
1.895000,-0.849171,-7.505561
1.900000,-0.834264,-7.575263
1.905000,-0.819719,-7.644607
1.910000,-0.805543,-7.713501
1.915000,-0.791746,-7.781843
1.920000,-0.778335,-7.849531
1.925000,-0.765320,-7.916455
1.930000,-0.752706,-7.982504
1.935000,-0.740504,-8.047559
1.940000,-0.728720,-8.111500
1.945000,-0.717363,-8.174200
1.950000,-0.706438,-8.235532
1.955000,-0.695955,-8.295363
1.960000,-0.685919,-8.353559
1.965000,-0.676338,-8.409984
1.970000,-0.667219,-8.464499
1.975000,-0.658567,-8.516967
1.980000,-0.650389,-8.567248
1.985000,-0.642691,-8.615204
1.990000,-0.635479,-8.660698
1.995000,-0.628757,-8.703597
2.000000,-0.622533,-8.743770
2.005000,-0.616809,-8.781090
2.010000,-0.611591,-8.815437
2.015000,-0.606884,-8.846696
2.020000,-0.602690,-8.874759
2.025000,-0.599015,-8.899528
2.030000,-0.595862,-8.920912
2.035000,-0.593233,-8.938831
2.040000,-0.591131,-8.953215
2.045000,-0.589560,-8.964008
2.050000,-0.588521,-8.971162
2.055000,-0.588016,-8.974645
2.060000,-0.588046,-8.974436
2.065000,-0.588613,-8.970528
2.070000,-0.589717,-8.962926
2.075000,-0.591360,-8.951649
2.080000,-0.593541,-8.936729
2.085000,-0.596259,-8.918210
2.090000,-0.599515,-8.896150
2.095000,-0.603308,-8.870615
2.100000,-0.607636,-8.841686
2.105000,-0.612497,-8.809451
2.110000,-0.617891,-8.774010
2.115000,-0.623813,-8.735470
2.120000,-0.630263,-8.693945
2.125000,-0.637237,-8.649557
2.130000,-0.644731,-8.602434
2.135000,-0.652743,-8.552706
2.140000,-0.661268,-8.500509
2.145000,-0.670302,-8.445981
2.150000,-0.679840,-8.389261
2.155000,-0.689878,-8.330492
2.160000,-0.700411,-8.269812
2.165000,-0.711433,-8.207364
2.170000,-0.722939,-8.143285
2.175000,-0.734922,-8.077712
2.180000,-0.747376,-8.010781
2.185000,-0.760295,-7.942623
2.190000,-0.773673,-7.873365
2.195000,-0.787501,-7.803132
2.200000,-0.801774,-7.732045
2.205000,-0.816483,-7.660218
2.210000,-0.831621,-7.587765
2.215000,-0.847181,-7.514790
2.220000,-0.863153,-7.441397
2.225000,-0.879530,-7.367682
2.230000,-0.896304,-7.293737
2.235000,-0.913466,-7.219651
2.240000,-0.931007,-7.145505
2.245000,-0.948919,-7.071378
2.250000,-0.967192,-6.997342
2.255000,-0.985817,-6.923468
2.260000,-1.004786,-6.849819
2.265000,-1.024089,-6.776454
2.270000,-1.043716,-6.703432
2.275000,-1.063658,-6.630802
2.280000,-1.083906,-6.558614
2.285000,-1.104450,-6.486913
2.290000,-1.125279,-6.415738
2.295000,-1.146385,-6.345129
2.300000,-1.167758,-6.275118
2.305000,-1.189388,-6.205739
2.310000,-1.211264,-6.137020
2.315000,-1.233378,-6.068986
2.320000,-1.255719,-6.001662
2.325000,-1.278277,-5.935067
2.330000,-1.301043,-5.869221
2.335000,-1.324006,-5.804141
2.340000,-1.347158,-5.739841
2.345000,-1.370487,-5.676333
2.350000,-1.393985,-5.613629
2.355000,-1.417641,-5.551738
2.360000,-1.441446,-5.490668
2.365000,-1.465390,-5.430424
2.370000,-1.489464,-5.371013
2.375000,-1.513657,-5.312437
2.380000,-1.537962,-5.254700
2.385000,-1.562367,-5.197802
2.390000,-1.586865,-5.141745
2.395000,-1.611445,-5.086527
2.400000,-1.636098,-5.032148
2.405000,-1.660815,-4.978606
2.410000,-1.685588,-4.925898
2.415000,-1.710407,-4.874020
2.420000,-1.735264,-4.822969
2.425000,-1.760149,-4.772740
2.430000,-1.785055,-4.723328
2.435000,-1.809972,-4.674727
2.440000,-1.834891,-4.626932
2.445000,-1.859806,-4.579936
2.450000,-1.884707,-4.533733
2.455000,-1.909586,-4.488316
2.460000,-1.934435,-4.443677
2.465000,-1.959247,-4.399810
2.470000,-1.984012,-4.356707
2.475000,-2.008725,-4.314359
2.480000,-2.033376,-4.272760
2.485000,-2.057958,-4.231900
2.490000,-2.082465,-4.191773
2.495000,-2.106888,-4.152369
2.500000,-2.131220,-4.113681
2.505000,-2.155454,-4.075700
2.510000,-2.179584,-4.038418
2.515000,-2.203602,-4.001826
2.520000,-2.227501,-3.965915
2.525000,-2.251275,-3.930679
2.530000,-2.274917,-3.896108
2.535000,-2.298421,-3.862194
2.540000,-2.321779,-3.828928
2.545000,-2.344987,-3.796303
2.550000,-2.368037,-3.764311
2.555000,-2.390923,-3.732943
2.560000,-2.413640,-3.702191
2.565000,-2.436181,-3.672047
2.570000,-2.458540,-3.642504
2.575000,-2.480713,-3.613554
2.580000,-2.502692,-3.585189
2.585000,-2.524473,-3.557401
2.590000,-2.546050,-3.530184
2.595000,-2.567417,-3.503530
2.600000,-2.588570,-3.477432
2.605000,-2.609502,-3.451883
2.610000,-2.630209,-3.426875
2.615000,-2.650686,-3.402403
2.620000,-2.670927,-3.378459
2.625000,-2.690928,-3.355036
2.630000,-2.710683,-3.332130
2.635000,-2.730188,-3.309732
2.640000,-2.749439,-3.287838
2.645000,-2.768429,-3.266440
2.650000,-2.787156,-3.245534
2.655000,-2.805613,-3.225114
2.660000,-2.823798,-3.205173
2.665000,-2.841704,-3.185707
2.670000,-2.859328,-3.166710
2.675000,-2.876666,-3.148178
2.680000,-2.893713,-3.130104
2.685000,-2.910465,-3.112485
2.690000,-2.926917,-3.095316
2.695000,-2.943067,-3.078591
2.700000,-2.958909,-3.062308
2.705000,-2.974439,-3.046460
2.710000,-2.989654,-3.031045
2.715000,-3.004550,-3.016059
2.720000,-3.019122,-3.001497
2.725000,-3.033367,-2.987356
2.730000,-3.047281,-2.973632
2.735000,-3.060860,-2.960322
2.740000,-3.074101,-2.947424
2.745000,-3.086999,-2.934933
2.750000,-3.099551,-2.922847
2.755000,-3.111754,-2.911163
2.760000,-3.123603,-2.899878
2.765000,-3.135096,-2.888991
2.770000,-3.146228,-2.878498
2.775000,-3.156996,-2.868398
2.780000,-3.167396,-2.858689
2.785000,-3.177425,-2.849369
2.790000,-3.187080,-2.840436
2.795000,-3.196356,-2.831889
2.800000,-3.205251,-2.823726
2.805000,-3.213761,-2.815946
2.810000,-3.221883,-2.808548
2.815000,-3.229613,-2.801532
2.820000,-3.236948,-2.794897
2.825000,-3.243884,-2.788641
2.830000,-3.250418,-2.782766
2.835000,-3.256547,-2.777270
2.840000,-3.262268,-2.772153
2.845000,-3.267576,-2.767417
2.850000,-3.272470,-2.763060
2.855000,-3.276944,-2.759085
2.860000,-3.280997,-2.755490
2.865000,-3.284625,-2.752279
2.870000,-3.287824,-2.749450
2.875000,-3.290592,-2.747007
2.880000,-3.292925,-2.744950
2.885000,-3.294819,-2.743281
2.890000,-3.296272,-2.742001
2.895000,-3.297280,-2.741114
2.900000,-3.297840,-2.740622
2.905000,-3.297948,-2.740526
2.910000,-3.297602,-2.740831
2.915000,-3.296798,-2.741538
2.920000,-3.295533,-2.742651
2.925000,-3.293804,-2.744175
2.930000,-3.291607,-2.746111
2.935000,-3.288940,-2.748465
2.940000,-3.285798,-2.751241
2.945000,-3.282179,-2.754443
2.950000,-3.278080,-2.758077
2.955000,-3.273497,-2.762146
2.960000,-3.268427,-2.766658
2.965000,-3.262867,-2.771617
2.970000,-3.256814,-2.777030
2.975000,-3.250265,-2.782903
2.980000,-3.243216,-2.789242
2.985000,-3.235664,-2.796056
2.990000,-3.227607,-2.803351
2.995000,-3.219040,-2.811134
3.000000,-3.209962,-2.819416
3.005000,-3.200368,-2.828203
3.010000,-3.190256,-2.837505
3.015000,-3.179623,-2.847331
3.020000,-3.168466,-2.857692
3.025000,-3.156782,-2.868598
3.030000,-3.144568,-2.880059
3.035000,-3.131821,-2.892087
3.040000,-3.118538,-2.904694
3.045000,-3.104717,-2.917892
3.050000,-3.090354,-2.931695
3.055000,-3.075448,-2.946115
3.060000,-3.059994,-2.961168
3.065000,-3.043992,-2.976867
3.070000,-3.027439,-2.993229
3.075000,-3.010331,-3.010269
3.080000,-2.992667,-3.028005
3.085000,-2.974444,-3.046454
3.090000,-2.955661,-3.065634
3.095000,-2.936316,-3.085566
3.100000,-2.916406,-3.106269
3.105000,-2.895930,-3.127763
3.110000,-2.874886,-3.150072
3.115000,-2.853273,-3.173218
3.120000,-2.831089,-3.197225
3.125000,-2.808334,-3.222118
3.130000,-2.785006,-3.247924
3.135000,-2.761104,-3.274669
3.140000,-2.736629,-3.302382
3.145000,-2.711580,-3.331094
3.150000,-2.685957,-3.360834
3.155000,-2.659760,-3.391637
3.160000,-2.632990,-3.423536
3.165000,-2.605647,-3.456567
3.170000,-2.577732,-3.490767
3.175000,-2.549248,-3.526175
3.180000,-2.520196,-3.562832
3.185000,-2.490578,-3.600781
3.190000,-2.460397,-3.640066
3.195000,-2.429656,-3.680734
3.200000,-2.398358,-3.722834
3.205000,-2.366509,-3.766417
3.210000,-2.334112,-3.811538
3.215000,-2.301172,-3.858251
3.220000,-2.267697,-3.906615
3.225000,-2.233691,-3.956693
3.230000,-2.199163,-4.008548
3.235000,-2.164120,-4.062248
3.240000,-2.128571,-4.117864
3.245000,-2.092526,-4.175468
3.250000,-2.055995,-4.235140
3.255000,-2.018989,-4.296959
3.260000,-1.981521,-4.361010
3.265000,-1.943604,-4.427383
3.270000,-1.905253,-4.496171
3.275000,-1.866484,-4.567470
3.280000,-1.827313,-4.641382
3.285000,-1.787758,-4.718014
3.290000,-1.747839,-4.797477
3.295000,-1.707578,-4.879888
3.300000,-1.666996,-4.965367
3.305000,-1.626118,-5.054042
3.310000,-1.584969,-5.146044
3.315000,-1.543577,-5.241512
3.320000,-1.501972,-5.340588
3.325000,-1.460184,-5.443422
3.330000,-1.418247,-5.550166
3.335000,-1.376197,-5.660980
3.340000,-1.334070,-5.776030
3.345000,-1.291906,-5.895484
3.350000,-1.249749,-6.019515
3.355000,-1.207641,-6.148300
3.360000,-1.165631,-6.282018
3.365000,-1.123768,-6.420850
3.370000,-1.082104,-6.564976
3.375000,-1.040694,-6.714572
3.380000,-0.999596,-6.869812
3.385000,-0.958871,-7.030857
3.390000,-0.918582,-7.197859
3.395000,-0.878796,-7.370951
3.400000,-0.839583,-7.550238
3.405000,-0.801013,-7.735797
3.410000,-0.763164,-7.927658
3.415000,-0.726113,-8.125799
3.420000,-0.689942,-8.330124
3.425000,-0.654734,-8.540451
3.430000,-0.620576,-8.756488
3.435000,-0.587558,-8.977805
3.440000,-0.555771,-9.203806
3.445000,-0.525310,-9.433693
3.450000,-0.496271,-9.666423
3.455000,-0.468753,-9.900670
3.460000,-0.442855,-10.134772
3.465000,-0.418679,-10.366690
3.470000,-0.396327,-10.593968
3.475000,-0.375901,-10.813701
3.480000,-0.357506,-11.022536
3.485000,-0.341244,-11.216694
3.490000,-0.327218,-11.392048
3.495000,-0.315530,-11.544247
3.500000,-0.306279,-11.668913
3.505000,-0.299563,-11.761885
3.510000,-0.295477,-11.819509
3.515000,-0.294113,-11.838925
3.520000,-0.295560,-11.818331
3.525000,-0.299900,-11.757157
3.530000,-0.307214,-11.656128
3.535000,-0.317575,-11.517198
3.540000,-0.331050,-11.343380
3.545000,-0.347700,-11.138481
3.550000,-0.367580,-10.906810
3.555000,-0.390738,-10.652893
3.560000,-0.417211,-10.381221
3.565000,-0.447031,-10.096058
3.570000,-0.480223,-9.801311
3.575000,-0.516800,-9.500455
3.580000,-0.556768,-9.196507
3.585000,-0.600126,-8.892025
3.590000,-0.646862,-8.589144
3.595000,-0.696956,-8.289605
3.600000,-0.750381,-7.994809
3.605000,-0.807102,-7.705861
3.610000,-0.867073,-7.423610
3.615000,-0.930244,-7.148696
3.620000,-0.996556,-6.881578
3.625000,-1.065944,-6.622574
3.630000,-1.138336,-6.371878
3.635000,-1.213656,-6.129590
3.640000,-1.291821,-5.895729
3.645000,-1.372743,-5.670254
3.650000,-1.456333,-5.453072
3.655000,-1.542494,-5.244050
3.660000,-1.631130,-5.043025
3.665000,-1.722139,-4.849811
3.670000,-1.815421,-4.664204
3.675000,-1.910871,-4.485987
3.680000,-2.008386,-4.314933
3.685000,-2.107860,-4.150810
3.690000,-2.209188,-3.993385
3.695000,-2.312267,-3.842421
3.700000,-2.416991,-3.697683
3.705000,-2.523260,-3.558939
3.710000,-2.630972,-3.425958
3.715000,-2.740027,-3.298515
3.720000,-2.850328,-3.176390
3.725000,-2.961779,-3.059368
3.730000,-3.074289,-2.947240
3.735000,-3.187765,-2.839802
3.740000,-3.302121,-2.736858
3.745000,-3.417271,-2.638219
3.750000,-3.533133,-2.543700
3.755000,-3.649627,-2.453124
3.760000,-3.766676,-2.366322
3.765000,-3.884206,-2.283129
3.770000,-4.002147,-2.203389
3.775000,-4.120430,-2.126949
3.780000,-4.238989,-2.053666
3.785000,-4.357763,-1.983400
3.790000,-4.476690,-1.916019
3.795000,-4.595714,-1.851395
3.800000,-4.714779,-1.789407
3.805000,-4.833834,-1.729937
3.810000,-4.952828,-1.672876
3.815000,-5.071714,-1.618116
3.820000,-5.190445,-1.565556
3.825000,-5.308979,-1.515100
3.830000,-5.427275,-1.466654
3.835000,-5.545292,-1.420131
3.840000,-5.662994,-1.375447
3.845000,-5.780343,-1.332520
3.850000,-5.897307,-1.291275
3.855000,-6.013852,-1.251639
3.860000,-6.129947,-1.213542
3.865000,-6.245562,-1.176917
3.870000,-6.360669,-1.141702
3.875000,-6.475239,-1.107836
3.880000,-6.589247,-1.075261
3.885000,-6.702666,-1.043924
3.890000,-6.815473,-1.013771
3.895000,-6.927643,-0.984754
3.900000,-7.039154,-0.956824
3.905000,-7.149983,-0.929937
3.910000,-7.260108,-0.904049
3.915000,-7.369509,-0.879120
3.920000,-7.478163,-0.855110
3.925000,-7.586051,-0.831983
3.930000,-7.693153,-0.809702
3.935000,-7.799448,-0.788234
3.940000,-7.904916,-0.767546
3.945000,-8.009538,-0.747609
3.950000,-8.113294,-0.728392
3.955000,-8.216162,-0.709868
3.960000,-8.318125,-0.692010
3.965000,-8.419160,-0.674793
3.970000,-8.519248,-0.658192
3.975000,-8.618367,-0.642186
3.980000,-8.716497,-0.626750
3.985000,-8.813615,-0.611866
3.990000,-8.909698,-0.597512
3.995000,-9.004725,-0.583670
4.000000,-9.098671,-0.570322
4.005000,-9.191512,-0.557450
4.010000,-9.283223,-0.545039
4.015000,-9.373780,-0.533072
4.020000,-9.463155,-0.521534
4.025000,-9.551321,-0.510412
4.030000,-9.638251,-0.499692
4.035000,-9.723916,-0.489360
4.040000,-9.808288,-0.479405
4.045000,-9.891336,-0.469815
4.050000,-9.973031,-0.460578
4.055000,-10.053343,-0.451684
4.060000,-10.132242,-0.443123
4.065000,-10.209698,-0.434884
4.070000,-10.285683,-0.426957
4.075000,-10.360170,-0.419334
4.080000,-10.433133,-0.412005
4.085000,-10.504552,-0.404962
4.090000,-10.574408,-0.398194
4.095000,-10.642691,-0.391693
4.100000,-10.709396,-0.385449
4.105000,-10.774531,-0.379452
4.110000,-10.838115,-0.373693
4.115000,-10.900185,-0.368158
4.120000,-10.960800,-0.362835
4.125000,-11.020047,-0.357710
4.130000,-11.078049,-0.352765
4.135000,-11.134976,-0.347981
4.140000,-11.191052,-0.343335
4.145000,-11.246580,-0.338797
4.150000,-11.301952,-0.334334
4.155000,-11.357682,-0.329904
4.160000,-11.414433,-0.325455
4.165000,-11.473056,-0.320925
4.170000,-11.534644,-0.316236
4.175000,-11.600593,-0.311293
4.180000,-11.672674,-0.305983
4.185000,-11.753133,-0.300167
4.190000,-11.844797,-0.293679
4.195000,-11.951208,-0.286330
4.200000,-12.076765,-0.277903
4.205000,-12.226877,-0.268164
4.210000,-12.408111,-0.256873
4.215000,-12.628302,-0.243811
4.220000,-12.896604,-0.228815
4.225000,-13.223433,-0.211819
4.230000,-13.620262,-0.192909
4.235000,-14.099264,-0.172364
4.240000,-14.672834,-0.150671
4.245000,-15.353092,-0.128507
4.250000,-16.151551,-0.106665
4.255000,-17.079185,-0.085954
4.260000,-18.147134,-0.067078
4.265000,-19.368269,-0.050548
4.270000,-20.759904,-0.036638
4.275000,-22.348199,-0.025390
4.280000,-24.175600,-0.016659
4.285000,-26.314827,-0.010178
4.290000,-28.899377,-0.005617
4.295000,-32.204233,-0.002630
4.300000,-36.932384,-0.000893
4.305000,-46.110804,-0.000117
4.310000,-49.389168,-0.000059
4.315000,-39.282198,-0.000520
4.320000,-35.121844,-0.001342
4.325000,-32.582717,-0.002402
4.330000,-30.813656,-0.003606
4.335000,-29.493966,-0.004885
4.340000,-28.467568,-0.006187
4.345000,-27.646657,-0.007475
4.350000,-26.976957,-0.008722
4.355000,-26.422605,-0.009910
4.360000,-25.958708,-0.011028
4.365000,-25.567316,-0.012069
4.370000,-25.235086,-0.013030
4.375000,-24.951855,-0.013909
4.380000,-24.709720,-0.014708
4.385000,-24.502430,-0.015428
4.390000,-24.324968,-0.016073
4.395000,-24.173255,-0.016645
4.400000,-24.043937,-0.017149
4.405000,-23.934232,-0.017589
4.410000,-23.841808,-0.017968
4.415000,-23.764700,-0.018291
4.420000,-23.701237,-0.018560
4.425000,-23.649990,-0.018781
4.430000,-23.609731,-0.018957
4.435000,-23.579400,-0.019090
4.440000,-23.558074,-0.019184
4.445000,-23.544950,-0.019242
4.450000,-23.539326,-0.019267
4.455000,-23.540585,-0.019261
4.460000,-23.548182,-0.019228
4.465000,-23.561639,-0.019168
4.470000,-23.580529,-0.019085
4.475000,-23.604478,-0.018980
4.480000,-23.633149,-0.018854
4.485000,-23.666246,-0.018711
4.490000,-23.703504,-0.018551
4.495000,-23.744688,-0.018375
4.500000,-23.789587,-0.018186
4.505000,-23.838015,-0.017984
4.510000,-23.889808,-0.017770
4.515000,-23.944817,-0.017546
4.520000,-24.002913,-0.017313
4.525000,-24.063984,-0.017070
4.530000,-24.127928,-0.016820
4.535000,-24.194661,-0.016563
4.540000,-24.264108,-0.016300
4.545000,-24.336206,-0.016031
4.550000,-24.410905,-0.015758
4.555000,-24.488163,-0.015479
4.560000,-24.567949,-0.015197
4.565000,-24.650241,-0.014911
4.570000,-24.735025,-0.014622
4.575000,-24.822299,-0.014331
4.580000,-24.912067,-0.014037
4.585000,-25.004344,-0.013742
4.590000,-25.099150,-0.013445
4.595000,-25.196519,-0.013146
4.600000,-25.296491,-0.012846
4.605000,-25.399116,-0.012546
4.610000,-25.504452,-0.012245
4.615000,-25.612571,-0.011943
4.620000,-25.723553,-0.011642
4.625000,-25.837488,-0.011340
4.630000,-25.954481,-0.011038
4.635000,-26.074648,-0.010736
4.640000,-26.198121,-0.010435
4.645000,-26.325043,-0.010134
4.650000,-26.455577,-0.009834
4.655000,-26.589903,-0.009534
4.660000,-26.728220,-0.009235
4.665000,-26.870750,-0.008936
4.670000,-27.017738,-0.008639
4.675000,-27.169458,-0.008342
4.680000,-27.326212,-0.008046
4.685000,-27.488338,-0.007751
4.690000,-27.656210,-0.007456
4.695000,-27.830250,-0.007163
4.700000,-28.010925,-0.006871
4.705000,-28.198762,-0.006580
4.710000,-28.394352,-0.006290
4.715000,-28.598364,-0.006001
4.720000,-28.811554,-0.005713
4.725000,-29.034779,-0.005427
4.730000,-29.269021,-0.005142
4.735000,-29.515403,-0.004858
4.740000,-29.775220,-0.004576
4.745000,-30.049972,-0.004295
4.750000,-30.341407,-0.004016
4.755000,-30.651577,-0.003739
4.760000,-30.982908,-0.003464
4.765000,-31.338294,-0.003192
4.770000,-31.721216,-0.002922
4.775000,-32.135908,-0.002656
4.780000,-32.587582,-0.002393
4.785000,-33.082742,-0.002135
4.790000,-33.629635,-0.001882
4.795000,-34.238912,-0.001636
4.800000,-34.924636,-0.001397
4.805000,-35.705876,-0.001166
4.810000,-36.609347,-0.000947
4.815000,-37.674047,-0.000741
4.820000,-38.960034,-0.000550
4.825000,-40.566757,-0.000380
4.830000,-42.676972,-0.000233
4.835000,-45.686438,-0.000116
4.840000,-50.759341,-0.000035
4.845000,-67.256500,0.000001
4.850000,-53.085946,-0.000019
4.855000,-45.886367,-0.000110
4.860000,-41.747195,-0.000288
4.865000,-38.749314,-0.000577
4.870000,-36.347743,-0.001004
4.875000,-34.309744,-0.001607
4.880000,-32.514452,-0.002432
4.885000,-30.891555,-0.003535
4.890000,-29.397413,-0.004989
4.895000,-28.004355,-0.006879
4.900000,-26.695520,-0.009302
4.905000,-25.462378,-0.012362
4.910000,-24.303624,-0.016150
4.915000,-23.224734,-0.020716
4.920000,-22.237538,-0.026020
4.925000,-21.359138,-0.031876
4.930000,-20.609476,-0.037908
4.935000,-20.007253,-0.043575
4.940000,-19.564867,-0.048273
4.945000,-19.284144,-0.051515
4.950000,-19.154904,-0.053080
4.955000,-19.157086,-0.053052
4.960000,-19.265218,-0.051739
4.965000,-19.453113,-0.049535
4.970000,-19.697232,-0.046813
4.975000,-19.978285,-0.043864
4.980000,-20.281493,-0.040892
4.985000,-20.596079,-0.038023
4.990000,-20.914496,-0.035324
4.995000,-21.231644,-0.032827
5.000000,-21.544207,-0.030539
5.005000,-21.850135,-0.028456
5.010000,-22.148256,-0.026562
5.015000,-22.437997,-0.024843
5.020000,-22.719188,-0.023281
5.025000,-22.991923,-0.021861
5.030000,-23.256463,-0.020566
5.035000,-23.513175,-0.019383
5.040000,-23.762483,-0.018300
5.045000,-24.004841,-0.017304
5.050000,-24.240709,-0.016388
5.055000,-24.470546,-0.015542
5.060000,-24.694795,-0.014758
5.065000,-24.913886,-0.014031
5.070000,-25.128224,-0.013355
5.075000,-25.338195,-0.012723
5.080000,-25.544164,-0.012133
5.085000,-25.746473,-0.011580
5.090000,-25.945445,-0.011061
5.095000,-26.141382,-0.010573
5.100000,-26.334571,-0.010112
5.105000,-26.525279,-0.009677
5.110000,-26.713760,-0.009266
5.115000,-26.900252,-0.008876
5.120000,-27.084982,-0.008506
5.125000,-27.268163,-0.008154
5.130000,-27.449999,-0.007820
5.135000,-27.630685,-0.007501
5.140000,-27.810406,-0.007197
5.145000,-27.989340,-0.006906
5.150000,-28.167657,-0.006628
5.155000,-28.345523,-0.006362
5.160000,-28.523098,-0.006107
5.165000,-28.700538,-0.005862
5.170000,-28.877994,-0.005627
5.175000,-29.055614,-0.005402
5.180000,-29.233545,-0.005185
5.185000,-29.411930,-0.004976
5.190000,-29.590913,-0.004775
5.195000,-29.770635,-0.004581
5.200000,-29.951239,-0.004395
5.205000,-30.132867,-0.004214
5.210000,-30.315661,-0.004041
5.215000,-30.499767,-0.003873
5.220000,-30.685331,-0.003711
5.225000,-30.872502,-0.003554
5.230000,-31.061433,-0.003403
5.235000,-31.252280,-0.003257
5.240000,-31.445204,-0.003115
5.245000,-31.640370,-0.002978
5.250000,-31.837952,-0.002846
5.255000,-32.038127,-0.002717
5.260000,-32.241082,-0.002593
5.265000,-32.447010,-0.002473
5.270000,-32.656117,-0.002357
5.275000,-32.868616,-0.002244
5.280000,-33.084734,-0.002135
5.285000,-33.304711,-0.002030
5.290000,-33.528799,-0.001928
5.295000,-33.757270,-0.001829
5.300000,-33.990410,-0.001733
5.305000,-34.228528,-0.001641
5.310000,-34.471955,-0.001551
5.315000,-34.721045,-0.001465
5.320000,-34.976181,-0.001381
5.325000,-35.237779,-0.001301
5.330000,-35.506287,-0.001223
5.335000,-35.782197,-0.001147
5.340000,-36.066041,-0.001075
5.345000,-36.358407,-0.001005
5.350000,-36.659939,-0.000937
5.355000,-36.971346,-0.000873
5.360000,-37.293416,-0.000810
5.365000,-37.627026,-0.000750
5.370000,-37.973152,-0.000693
5.375000,-38.332893,-0.000638
5.380000,-38.707486,-0.000585
5.385000,-39.098336,-0.000535
5.390000,-39.507043,-0.000487
5.395000,-39.935444,-0.000441
5.400000,-40.385661,-0.000397
5.405000,-40.860165,-0.000356
5.410000,-41.361857,-0.000317
5.415000,-41.894175,-0.000281
5.420000,-42.461231,-0.000246
5.425000,-43.068009,-0.000214
5.430000,-43.720624,-0.000184
5.435000,-44.426697,-0.000157
5.440000,-45.195891,-0.000131
5.445000,-46.040717,-0.000108
5.450000,-46.977780,-0.000087
5.455000,-48.029776,-0.000068
5.460000,-49.228908,-0.000052
5.465000,-50.623065,-0.000038
5.470000,-52.288017,-0.000026
5.475000,-54.354420,-0.000016
5.480000,-57.078257,-0.000008
5.485000,-61.080640,-0.000003
5.490000,-68.758091,-0.000001
5.495000,-76.206541,-0.000000
5.500000,-63.402689,-0.000002
5.505000,-58.426641,-0.000006
5.510000,-55.274384,-0.000013
5.515000,-52.959581,-0.000022
5.520000,-51.127807,-0.000033
5.525000,-49.610708,-0.000047
5.530000,-48.314959,-0.000064
5.535000,-47.183392,-0.000083
5.540000,-46.178441,-0.000105
5.545000,-45.274087,-0.000129
5.550000,-44.451570,-0.000156
5.555000,-43.696911,-0.000185
5.560000,-42.999416,-0.000218
5.565000,-42.350722,-0.000253
5.570000,-41.744164,-0.000291
5.575000,-41.174345,-0.000331
5.580000,-40.636834,-0.000375
5.585000,-40.127946,-0.000422
5.590000,-39.644586,-0.000471
5.595000,-39.184130,-0.000524
5.600000,-38.744329,-0.000580
5.605000,-38.323248,-0.000639
5.610000,-37.919203,-0.000701
5.615000,-37.530726,-0.000767
5.620000,-37.156525,-0.000836
5.625000,-36.795458,-0.000908
5.630000,-36.446510,-0.000984
5.635000,-36.108779,-0.001064
5.640000,-35.781453,-0.001147
5.645000,-35.463805,-0.001234
5.650000,-35.155177,-0.001325
5.655000,-34.854973,-0.001420
5.660000,-34.562652,-0.001519
5.665000,-34.277721,-0.001622
5.670000,-33.999729,-0.001729
5.675000,-33.728264,-0.001841
5.680000,-33.462946,-0.001957
5.685000,-33.203425,-0.002077
5.690000,-32.949381,-0.002203
5.695000,-32.700514,-0.002332
5.700000,-32.456548,-0.002467
5.705000,-32.217227,-0.002607
5.710000,-31.982313,-0.002752
5.715000,-31.751582,-0.002902
5.720000,-31.524828,-0.003058
5.725000,-31.301857,-0.003219
5.730000,-31.082487,-0.003386
5.735000,-30.866548,-0.003559
5.740000,-30.653880,-0.003737
5.745000,-30.444333,-0.003922
5.750000,-30.237765,-0.004113
5.755000,-30.034043,-0.004311
5.760000,-29.833042,-0.004515
5.765000,-29.634641,-0.004726
5.770000,-29.438730,-0.004945
5.775000,-29.245202,-0.005170
5.780000,-29.053954,-0.005403
5.785000,-28.864893,-0.005644
5.790000,-28.677927,-0.005892
5.795000,-28.492970,-0.006149
5.800000,-28.309939,-0.006414
5.805000,-28.128757,-0.006687
5.810000,-27.949349,-0.006969
5.815000,-27.771643,-0.007261
5.820000,-27.595573,-0.007561
5.825000,-27.421072,-0.007872
5.830000,-27.248080,-0.008192
5.835000,-27.076538,-0.008522
5.840000,-26.906388,-0.008863
5.845000,-26.737576,-0.009215
5.850000,-26.570052,-0.009577
5.855000,-26.403763,-0.009952
5.860000,-26.238664,-0.010338
5.865000,-26.074709,-0.010736
5.870000,-25.911852,-0.011147
5.875000,-25.750053,-0.011570
5.880000,-25.589270,-0.012007
5.885000,-25.429465,-0.012458
5.890000,-25.270601,-0.012923
5.895000,-25.112640,-0.013402
5.900000,-24.955549,-0.013897
5.905000,-24.799295,-0.014407
5.910000,-24.643844,-0.014933
5.915000,-24.489168,-0.015475
5.920000,-24.335235,-0.016035
5.925000,-24.182017,-0.016612
5.930000,-24.029487,-0.017207
5.935000,-23.877618,-0.017820
5.940000,-23.726385,-0.018453
5.945000,-23.575764,-0.019106
5.950000,-23.425730,-0.019779
5.955000,-23.276262,-0.020473
5.960000,-23.127338,-0.021189
5.965000,-22.978936,-0.021927
5.970000,-22.831037,-0.022689
5.975000,-22.683621,-0.023474
5.980000,-22.536671,-0.024285
5.985000,-22.390168,-0.025120
5.990000,-22.244096,-0.025982
5.995000,-22.098439,-0.026871
6.000000,-21.953181,-0.027788
6.005000,-21.808308,-0.028734
6.010000,-21.663807,-0.029709
6.015000,-21.519663,-0.030715
6.020000,-21.375866,-0.031753
6.025000,-21.232402,-0.032824
6.030000,-21.089262,-0.033928
6.035000,-20.946435,-0.035067
6.040000,-20.803912,-0.036241
6.045000,-20.661685,-0.037453
6.050000,-20.519744,-0.038703
6.055000,-20.378084,-0.039992
6.060000,-20.236698,-0.041322
6.065000,-20.095579,-0.042693
6.070000,-19.954724,-0.044108
6.075000,-19.814129,-0.045567
6.080000,-19.673789,-0.047072
6.085000,-19.533702,-0.048623
6.090000,-19.393868,-0.050224
6.095000,-19.254284,-0.051874
6.100000,-19.114952,-0.053576
6.105000,-18.975872,-0.055330
6.110000,-18.837046,-0.057139
6.115000,-18.698477,-0.059005
6.120000,-18.560169,-0.060927
6.125000,-18.422126,-0.062909
6.130000,-18.284355,-0.064952
6.135000,-18.146861,-0.067058
6.140000,-18.009653,-0.069227
6.145000,-17.872740,-0.071463
6.150000,-17.736131,-0.073766
6.155000,-17.599839,-0.076138
6.160000,-17.463874,-0.078582
6.165000,-17.328251,-0.081098
6.170000,-17.192985,-0.083688
6.175000,-17.058092,-0.086355
6.180000,-16.923588,-0.089099
6.185000,-16.789492,-0.091923
6.190000,-16.655825,-0.094828
6.195000,-16.522607,-0.097815
6.200000,-16.389862,-0.100887
6.205000,-16.257614,-0.104044
6.210000,-16.125888,-0.107288
6.215000,-15.994711,-0.110620
6.220000,-15.864112,-0.114042
6.225000,-15.734122,-0.117554
6.230000,-15.604771,-0.121158
6.235000,-15.476093,-0.124855
6.240000,-15.348122,-0.128644
6.245000,-15.220896,-0.132528
6.250000,-15.094451,-0.136505
6.255000,-14.968827,-0.140577
6.260000,-14.844066,-0.144743
6.265000,-14.720208,-0.149003
6.270000,-14.597299,-0.153356
6.275000,-14.475384,-0.157802
6.280000,-14.354508,-0.162340
6.285000,-14.234721,-0.166969
6.290000,-14.116072,-0.171686
6.295000,-13.998610,-0.176490
6.300000,-13.882389,-0.181378
6.305000,-13.767460,-0.186347
6.310000,-13.653877,-0.191396
6.315000,-13.541695,-0.196519
6.320000,-13.430968,-0.201714
6.325000,-13.321753,-0.206975
6.330000,-13.214105,-0.212298
6.335000,-13.108082,-0.217678
6.340000,-13.003738,-0.223110
6.345000,-12.901131,-0.228587
6.350000,-12.800317,-0.234102
6.355000,-12.701352,-0.239650
6.360000,-12.604289,-0.245222
6.365000,-12.509184,-0.250811
6.370000,-12.416088,-0.256409
6.375000,-12.325054,-0.262007
6.380000,-12.236132,-0.267598
6.385000,-12.149368,-0.273171
6.390000,-12.064810,-0.278718
6.395000,-11.982502,-0.284229
6.400000,-11.902484,-0.289694
6.405000,-11.824794,-0.295105
6.410000,-11.749470,-0.300451
6.415000,-11.676543,-0.305722
6.420000,-11.606042,-0.310909
6.425000,-11.537993,-0.316001
6.430000,-11.472419,-0.320991
6.435000,-11.409338,-0.325868
6.440000,-11.348764,-0.330624
6.445000,-11.290708,-0.335249
6.450000,-11.235177,-0.339737
6.455000,-11.182172,-0.344078
6.460000,-11.131693,-0.348266
6.465000,-11.083733,-0.352295
6.470000,-11.038282,-0.356157
6.475000,-10.995326,-0.359848
6.480000,-10.954847,-0.363363
6.485000,-10.916824,-0.366697
6.490000,-10.881229,-0.369847
6.495000,-10.848035,-0.372810
6.500000,-10.817206,-0.375584
6.505000,-10.788708,-0.378167
6.510000,-10.762501,-0.380560
6.515000,-10.738541,-0.382761
6.520000,-10.716783,-0.384771
6.525000,-10.697179,-0.386591
6.530000,-10.679679,-0.388224
6.535000,-10.664229,-0.389672
6.540000,-10.650775,-0.390937
6.545000,-10.639261,-0.392023
6.550000,-10.629629,-0.392934
6.555000,-10.621820,-0.393674
6.560000,-10.615772,-0.394249
6.565000,-10.611427,-0.394662
6.570000,-10.608721,-0.394919
6.575000,-10.607593,-0.395027
6.580000,-10.607980,-0.394990
6.585000,-10.609820,-0.394815
6.590000,-10.613052,-0.394507
6.595000,-10.617612,-0.394074
6.600000,-10.623440,-0.393521
6.605000,-10.630475,-0.392854
6.610000,-10.638656,-0.392080
6.615000,-10.647925,-0.391206
6.620000,-10.658222,-0.390236
6.625000,-10.669491,-0.389179
6.630000,-10.681674,-0.388038
6.635000,-10.694718,-0.386821
6.640000,-10.708568,-0.385533
6.645000,-10.723172,-0.384180
6.650000,-10.738478,-0.382767
6.655000,-10.754437,-0.381300
6.660000,-10.771000,-0.379783
6.665000,-10.788120,-0.378222
6.670000,-10.805752,-0.376621
6.675000,-10.823852,-0.374985
6.680000,-10.842377,-0.373318
6.685000,-10.861287,-0.371625
6.690000,-10.880540,-0.369909
6.695000,-10.900100,-0.368174
6.700000,-10.919930,-0.366424
6.705000,-10.939993,-0.364662
6.710000,-10.960256,-0.362892
6.715000,-10.980686,-0.361116
6.720000,-11.001252,-0.359337
6.725000,-11.021924,-0.357559
6.730000,-11.042672,-0.355783
6.735000,-11.063470,-0.354012
6.740000,-11.084291,-0.352248
6.745000,-11.105110,-0.350494
6.750000,-11.125903,-0.348751
6.755000,-11.146646,-0.347021
6.760000,-11.167318,-0.345306
6.765000,-11.187897,-0.343607
6.770000,-11.208365,-0.341926
6.775000,-11.228702,-0.340265
6.780000,-11.248889,-0.338623
6.785000,-11.268910,-0.337004
6.790000,-11.288749,-0.335407
6.795000,-11.308390,-0.333834
6.800000,-11.327818,-0.332285
6.805000,-11.347019,-0.330762
6.810000,-11.365980,-0.329265
6.815000,-11.384689,-0.327795
6.820000,-11.403133,-0.326352
6.825000,-11.421302,-0.324938
6.830000,-11.439185,-0.323551
6.835000,-11.456772,-0.322194
6.840000,-11.474052,-0.320866
6.845000,-11.491019,-0.319568
6.850000,-11.507662,-0.318300
6.855000,-11.523974,-0.317062
6.860000,-11.539947,-0.315854
6.865000,-11.555575,-0.314678
6.870000,-11.570851,-0.313532
6.875000,-11.585768,-0.312417
6.880000,-11.600321,-0.311334
6.885000,-11.614504,-0.310282
6.890000,-11.628312,-0.309261
6.895000,-11.641741,-0.308271
6.900000,-11.654785,-0.307313
6.905000,-11.667441,-0.306387
6.910000,-11.679704,-0.305492
6.915000,-11.691571,-0.304628
6.920000,-11.703039,-0.303796
6.925000,-11.714104,-0.302995
6.930000,-11.724764,-0.302226
6.935000,-11.735015,-0.301488
6.940000,-11.744856,-0.300782
6.945000,-11.754283,-0.300106
6.950000,-11.763296,-0.299462
6.955000,-11.771891,-0.298849
6.960000,-11.780068,-0.298267
6.965000,-11.787824,-0.297717
6.970000,-11.795158,-0.297197
6.975000,-11.802068,-0.296708
6.980000,-11.808554,-0.296249
6.985000,-11.814615,-0.295822
6.990000,-11.820249,-0.295425
6.995000,-11.825456,-0.295059
7.000000,-11.830235,-0.294723
7.005000,-11.834584,-0.294418
7.010000,-11.838505,-0.294143
7.015000,-11.841996,-0.293898
7.020000,-11.845057,-0.293684
7.025000,-11.847688,-0.293500
7.030000,-11.849888,-0.293346
7.035000,-11.851658,-0.293223
7.040000,-11.852997,-0.293129
7.045000,-11.853905,-0.293066
7.050000,-11.854383,-0.293032
7.055000,-11.854430,-0.293029
7.060000,-11.854047,-0.293056
7.065000,-11.853234,-0.293112
7.070000,-11.851990,-0.293199
7.075000,-11.850318,-0.293316
7.080000,-11.848216,-0.293463
7.085000,-11.845686,-0.293640
7.090000,-11.842727,-0.293847
7.095000,-11.839340,-0.294084
7.100000,-11.835526,-0.294351
7.105000,-11.831286,-0.294649
7.110000,-11.826619,-0.294977
7.115000,-11.821526,-0.295335
7.120000,-11.816009,-0.295723
7.125000,-11.810067,-0.296142
7.130000,-11.803701,-0.296592
7.135000,-11.796913,-0.297072
7.140000,-11.789702,-0.297583
7.145000,-11.782070,-0.298125
7.150000,-11.774017,-0.298698
7.155000,-11.765544,-0.299302
7.160000,-11.756652,-0.299937
7.165000,-11.747342,-0.300603
7.170000,-11.737614,-0.301301
7.175000,-11.727470,-0.302031
7.180000,-11.716910,-0.302792
7.185000,-11.705935,-0.303586
7.190000,-11.694546,-0.304412
7.195000,-11.682744,-0.305270
7.200000,-11.670530,-0.306161
7.205000,-11.657905,-0.307084
7.210000,-11.644871,-0.308041
7.215000,-11.631427,-0.309031
7.220000,-11.617575,-0.310054
7.225000,-11.603316,-0.311111
7.230000,-11.588651,-0.312202
7.235000,-11.573582,-0.313327
7.240000,-11.558108,-0.314487
7.245000,-11.542232,-0.315682
7.250000,-11.525955,-0.316912
7.255000,-11.509278,-0.318177
7.260000,-11.492201,-0.319477
7.265000,-11.474727,-0.320814
7.270000,-11.456856,-0.322187
7.275000,-11.438589,-0.323597
7.280000,-11.419929,-0.325044
7.285000,-11.400876,-0.326528
7.290000,-11.381432,-0.328050
7.295000,-11.361598,-0.329610
7.300000,-11.341375,-0.331209
7.305000,-11.320766,-0.332846
7.310000,-11.299770,-0.334523
7.315000,-11.278391,-0.336239
7.320000,-11.256630,-0.337996
7.325000,-11.234488,-0.339793
7.330000,-11.211967,-0.341631
7.335000,-11.189068,-0.343510
7.340000,-11.165794,-0.345432
7.345000,-11.142146,-0.347395
7.350000,-11.118126,-0.349401
7.355000,-11.093736,-0.351451
7.360000,-11.068978,-0.353544
7.365000,-11.043854,-0.355682
7.370000,-11.018367,-0.357864
7.375000,-10.992517,-0.360091
7.380000,-10.966308,-0.362365
7.385000,-10.939742,-0.364684
7.390000,-10.912821,-0.367050
7.395000,-10.885547,-0.369464
7.400000,-10.857924,-0.371925
7.405000,-10.829954,-0.374435
7.410000,-10.801639,-0.376993
7.415000,-10.772982,-0.379602
7.420000,-10.743987,-0.382260
7.425000,-10.714656,-0.384968
7.430000,-10.684992,-0.387728
7.435000,-10.654998,-0.390540
7.440000,-10.624678,-0.393404
7.445000,-10.594035,-0.396320
7.450000,-10.563073,-0.399290
7.455000,-10.531796,-0.402314
7.460000,-10.500206,-0.405392
7.465000,-10.468309,-0.408526
7.470000,-10.436107,-0.411715
7.475000,-10.403606,-0.414960
7.480000,-10.370809,-0.418262
7.485000,-10.337722,-0.421621
7.490000,-10.304348,-0.425038
7.495000,-10.270693,-0.428514
7.500000,-10.236761,-0.432048
7.505000,-10.202558,-0.435641
7.510000,-10.168089,-0.439294
7.515000,-10.133359,-0.443007
7.520000,-10.098375,-0.446781
7.525000,-10.063142,-0.450616
7.530000,-10.027666,-0.454512
7.535000,-9.991954,-0.458470
7.540000,-9.956012,-0.462490
7.545000,-9.919846,-0.466573
7.550000,-9.883465,-0.470718
7.555000,-9.846875,-0.474927
7.560000,-9.810083,-0.479199
7.565000,-9.773098,-0.483534
7.570000,-9.735927,-0.487933
7.575000,-9.698578,-0.492395
7.580000,-9.661061,-0.496921
7.585000,-9.623383,-0.501511
7.590000,-9.585555,-0.506164
7.595000,-9.547585,-0.510881
7.600000,-9.509483,-0.515661
7.605000,-9.471260,-0.520503
7.610000,-9.432925,-0.525409
7.615000,-9.394489,-0.530377
7.620000,-9.355963,-0.535406
7.625000,-9.317358,-0.540497
7.630000,-9.278687,-0.545648
7.635000,-9.239961,-0.550858
7.640000,-9.201193,-0.556128
7.645000,-9.162395,-0.561455
7.650000,-9.123581,-0.566839
7.655000,-9.084764,-0.572279
7.660000,-9.045957,-0.577773
7.665000,-9.007176,-0.583319
7.670000,-8.968436,-0.588917
7.675000,-8.929750,-0.594564
7.680000,-8.891135,-0.600258
7.685000,-8.852607,-0.605998
7.690000,-8.814182,-0.611781
7.695000,-8.775876,-0.617605
7.700000,-8.737708,-0.623468
7.705000,-8.699695,-0.629366
7.710000,-8.661854,-0.635297
7.715000,-8.624204,-0.641257
7.720000,-8.586765,-0.647244
7.725000,-8.549555,-0.653254
7.730000,-8.512595,-0.659283
7.735000,-8.475905,-0.665328
7.740000,-8.439505,-0.671383
7.745000,-8.403416,-0.677446
7.750000,-8.367660,-0.683511
7.755000,-8.332260,-0.689574
7.760000,-8.297236,-0.695629
7.765000,-8.262612,-0.701672
7.770000,-8.228412,-0.707697
7.775000,-8.194658,-0.713699
7.780000,-8.161374,-0.719670
7.785000,-8.128586,-0.725606
7.790000,-8.096316,-0.731500
7.795000,-8.064591,-0.737345
7.800000,-8.033436,-0.743135
7.805000,-8.002876,-0.748862
7.810000,-7.972937,-0.754519
7.815000,-7.943645,-0.760100
7.820000,-7.915026,-0.765595
7.825000,-7.887108,-0.770998
7.830000,-7.859917,-0.776300
7.835000,-7.833481,-0.781493
7.840000,-7.807826,-0.786569
7.845000,-7.782979,-0.791519
7.850000,-7.758970,-0.796335
7.855000,-7.735824,-0.801008
7.860000,-7.713571,-0.805529
7.865000,-7.692237,-0.809889
7.870000,-7.671852,-0.814080
7.875000,-7.652442,-0.818093
7.880000,-7.634037,-0.821918
7.885000,-7.616663,-0.825546
7.890000,-7.600350,-0.828969
7.895000,-7.585124,-0.832178
7.900000,-7.571015,-0.835164
7.905000,-7.558051,-0.837918
7.910000,-7.546258,-0.840432
7.915000,-7.535667,-0.842696
7.920000,-7.526303,-0.844704
7.925000,-7.518196,-0.846447
7.930000,-7.511373,-0.847916
7.935000,-7.505863,-0.849105
7.940000,-7.501693,-0.850006
7.945000,-7.498892,-0.850612
7.950000,-7.497488,-0.850916
7.955000,-7.497509,-0.850911
7.960000,-7.498985,-0.850592
7.965000,-7.501944,-0.849952
7.970000,-7.506415,-0.848986
7.975000,-7.512430,-0.847689
7.980000,-7.520017,-0.846055
7.985000,-7.529207,-0.844081
7.990000,-7.540034,-0.841762
7.995000,-7.552529,-0.839094
8.000000,-7.566727,-0.836074
8.005000,-7.582661,-0.832699
8.010000,-7.600370,-0.828965
8.015000,-7.619889,-0.824871
8.020000,-7.641260,-0.820414
8.025000,-7.664525,-0.815593
8.030000,-7.689726,-0.810405
8.035000,-7.716911,-0.804849
8.040000,-7.746129,-0.798924
8.045000,-7.777433,-0.792629
8.050000,-7.810879,-0.785963
8.055000,-7.846527,-0.778925
8.060000,-7.884441,-0.771516
8.065000,-7.924692,-0.763734
8.070000,-7.967353,-0.755580
8.075000,-8.012504,-0.747053
8.080000,-8.060232,-0.738153
8.085000,-8.110630,-0.728879
8.090000,-8.163800,-0.719233
8.095000,-8.219851,-0.709214
8.100000,-8.278902,-0.698822
8.105000,-8.341080,-0.688058
8.110000,-8.406525,-0.676922
8.115000,-8.475387,-0.665414
8.120000,-8.547829,-0.653535
8.125000,-8.624028,-0.641285
8.130000,-8.704177,-0.628668
8.135000,-8.788482,-0.615682
8.140000,-8.877170,-0.602332
8.145000,-8.970484,-0.588620
8.150000,-9.068688,-0.574548
8.155000,-9.172068,-0.560122
8.160000,-9.280933,-0.545348
8.165000,-9.395619,-0.530230
8.170000,-9.516487,-0.514779
8.175000,-9.643928,-0.499003
8.180000,-9.778363,-0.482915
8.185000,-9.920249,-0.466528
8.190000,-10.070076,-0.449858
8.195000,-10.228374,-0.432926
8.200000,-10.395714,-0.415753
8.205000,-10.572709,-0.398364
8.210000,-10.760022,-0.380788
8.215000,-10.958363,-0.363057
8.220000,-11.168499,-0.345208
8.225000,-11.391253,-0.327281
8.230000,-11.627514,-0.309320
8.235000,-11.878236,-0.291372
8.240000,-12.144452,-0.273491
8.245000,-12.427274,-0.255730
8.250000,-12.727910,-0.238148
8.255000,-13.047668,-0.220806
8.260000,-13.387978,-0.203768
8.265000,-13.750404,-0.187096
8.270000,-14.136668,-0.170857
8.275000,-14.548682,-0.155113
8.280000,-14.988581,-0.139928
8.285000,-15.458773,-0.125360
8.290000,-15.962005,-0.111467
8.295000,-16.501442,-0.098298
8.300000,-17.080777,-0.085900
8.305000,-17.704385,-0.074312
8.310000,-18.377521,-0.063563
8.315000,-19.106609,-0.053679
8.320000,-19.899642,-0.044674
8.325000,-20.766776,-0.036554
8.330000,-21.721214,-0.029318
8.335000,-22.780590,-0.022955
8.340000,-23.969231,-0.017448
8.345000,-25.322041,-0.012771
8.350000,-26.891676,-0.008893
8.355000,-28.763039,-0.005778
8.360000,-31.086399,-0.003383
8.365000,-34.168191,-0.001664
8.370000,-38.808549,-0.000572
8.375000,-48.835752,-0.000057
8.380000,-47.991524,-0.000069
8.385000,-38.918461,-0.000557
8.390000,-34.702261,-0.001471
8.395000,-31.967474,-0.002762
8.400000,-29.963612,-0.004382
8.405000,-28.397316,-0.006286
8.410000,-27.122982,-0.008432
8.415000,-26.057591,-0.010779
8.420000,-25.149249,-0.013290
8.425000,-24.363308,-0.015932
8.430000,-23.675459,-0.018672
8.435000,-23.067967,-0.021482
8.440000,-22.527488,-0.024337
8.445000,-22.043715,-0.027213
8.450000,-21.608520,-0.030091
8.455000,-21.215370,-0.032953
8.460000,-20.858937,-0.035783
8.465000,-20.534815,-0.038569
8.470000,-20.239315,-0.041297
8.475000,-19.969320,-0.043959
8.480000,-19.722171,-0.046547
8.485000,-19.495581,-0.049054
8.490000,-19.287568,-0.051475
8.495000,-19.096405,-0.053806
8.500000,-18.920577,-0.056044
8.505000,-18.758751,-0.058186
8.510000,-18.609741,-0.060231
8.515000,-18.472498,-0.062178
8.520000,-18.346080,-0.064029
8.525000,-18.229646,-0.065782
8.530000,-18.122438,-0.067438
8.535000,-18.023772,-0.069000
8.540000,-17.933031,-0.070469
8.545000,-17.849653,-0.071846
8.550000,-17.773129,-0.073134
8.555000,-17.702992,-0.074335
8.560000,-17.638820,-0.075452
8.565000,-17.580222,-0.076486
8.570000,-17.526842,-0.077440
8.575000,-17.478353,-0.078317
8.580000,-17.434453,-0.079120
8.585000,-17.394865,-0.079851
8.590000,-17.359332,-0.080514
8.595000,-17.327617,-0.081109
8.600000,-17.299501,-0.081641
8.605000,-17.274779,-0.082111
8.610000,-17.253265,-0.082523
8.615000,-17.234781,-0.082878
8.620000,-17.219166,-0.083180
8.625000,-17.206266,-0.083430
8.630000,-17.195941,-0.083630
8.635000,-17.188059,-0.083784
8.640000,-17.182495,-0.083892
8.645000,-17.179135,-0.083958
8.650000,-17.177870,-0.083982
8.655000,-17.178600,-0.083968
8.660000,-17.181230,-0.083917
8.665000,-17.185671,-0.083830
8.670000,-17.191839,-0.083710
8.675000,-17.199656,-0.083558
8.680000,-17.209049,-0.083376
8.685000,-17.219949,-0.083165
8.690000,-17.232289,-0.082926
8.695000,-17.246009,-0.082662
8.700000,-17.261050,-0.082374
8.705000,-17.277359,-0.082062
8.710000,-17.294883,-0.081729
8.715000,-17.313574,-0.081374
8.720000,-17.333387,-0.081000
8.725000,-17.354276,-0.080608
8.730000,-17.376202,-0.080198
8.735000,-17.399126,-0.079772
8.740000,-17.423010,-0.079331
8.745000,-17.447820,-0.078875
8.750000,-17.473523,-0.078405
8.755000,-17.500088,-0.077923
8.760000,-17.527484,-0.077428
8.765000,-17.555684,-0.076923
8.770000,-17.584661,-0.076407
8.775000,-17.614389,-0.075881
8.780000,-17.644845,-0.075346
8.785000,-17.676005,-0.074803
8.790000,-17.707847,-0.074252
8.795000,-17.740352,-0.073693
8.800000,-17.773498,-0.073128
8.805000,-17.807268,-0.072557
8.810000,-17.841643,-0.071980
8.815000,-17.876606,-0.071398
8.820000,-17.912141,-0.070812
8.825000,-17.948233,-0.070221
8.830000,-17.984867,-0.069626
8.835000,-18.022027,-0.069028
8.840000,-18.059702,-0.068427
8.845000,-18.097879,-0.067824
8.850000,-18.136544,-0.067218
8.855000,-18.175686,-0.066610
8.860000,-18.215294,-0.066001
8.865000,-18.255358,-0.065390
8.870000,-18.295866,-0.064779
8.875000,-18.336810,-0.064166
8.880000,-18.378179,-0.063554
8.885000,-18.419964,-0.062941
8.890000,-18.462158,-0.062328
8.895000,-18.504752,-0.061715
8.900000,-18.547737,-0.061103
8.905000,-18.591106,-0.060492
8.910000,-18.634852,-0.059881
8.915000,-18.678968,-0.059272
8.920000,-18.723447,-0.058664
8.925000,-18.768283,-0.058057
8.930000,-18.813469,-0.057452
8.935000,-18.859000,-0.056849
8.940000,-18.904869,-0.056248
8.945000,-18.951071,-0.055649
8.950000,-18.997601,-0.055052
8.955000,-19.044454,-0.054458
8.960000,-19.091624,-0.053866
8.965000,-19.139108,-0.053276
8.970000,-19.186900,-0.052690
8.975000,-19.234995,-0.052106
8.980000,-19.283391,-0.051525
8.985000,-19.332081,-0.050947
8.990000,-19.381064,-0.050373
8.995000,-19.430334,-0.049801
9.000000,-19.479888,-0.049233
9.005000,-19.529723,-0.048668
9.010000,-19.579834,-0.048107
9.015000,-19.630220,-0.047549
9.020000,-19.680875,-0.046994
9.025000,-19.731798,-0.046444
9.030000,-19.782985,-0.045897
9.035000,-19.834433,-0.045353
9.040000,-19.886140,-0.044814
9.045000,-19.938102,-0.044278
9.050000,-19.990318,-0.043746
9.055000,-20.042784,-0.043218
9.060000,-20.095498,-0.042694
9.065000,-20.148457,-0.042174
9.070000,-20.201660,-0.041658
9.075000,-20.255104,-0.041146
9.080000,-20.308787,-0.040638
9.085000,-20.362706,-0.040135
9.090000,-20.416860,-0.039635
9.095000,-20.471246,-0.039140
9.100000,-20.525864,-0.038648
9.105000,-20.580710,-0.038161
9.110000,-20.635783,-0.037678
9.115000,-20.691082,-0.037199
9.120000,-20.746605,-0.036725
9.125000,-20.802349,-0.036255
9.130000,-20.858315,-0.035788
9.135000,-20.914500,-0.035327
9.140000,-20.970902,-0.034869
9.145000,-21.027521,-0.034416
9.150000,-21.084355,-0.033966
9.155000,-21.141403,-0.033521
9.160000,-21.198664,-0.033081
9.165000,-21.256136,-0.032644
9.170000,-21.313819,-0.032212
9.175000,-21.371711,-0.031784
9.180000,-21.429813,-0.031360
9.185000,-21.488122,-0.030940
9.190000,-21.546638,-0.030524
9.195000,-21.605360,-0.030113
9.200000,-21.664288,-0.029706
9.205000,-21.723421,-0.029303
9.210000,-21.782759,-0.028904
9.215000,-21.842300,-0.028509
9.220000,-21.902045,-0.028118
9.225000,-21.961993,-0.027732
9.230000,-22.022144,-0.027349
9.235000,-22.082498,-0.026970
9.240000,-22.143055,-0.026596
9.245000,-22.203814,-0.026225
9.250000,-22.264775,-0.025858
9.255000,-22.325940,-0.025496
9.260000,-22.387307,-0.025137
9.265000,-22.448878,-0.024782
9.270000,-22.510652,-0.024431
9.275000,-22.572630,-0.024084
9.280000,-22.634812,-0.023741
9.285000,-22.697200,-0.023401
9.290000,-22.759793,-0.023065
9.295000,-22.822594,-0.022733
9.300000,-22.885601,-0.022405
9.305000,-22.948818,-0.022081
9.310000,-23.012244,-0.021760
9.315000,-23.075882,-0.021442
9.320000,-23.139732,-0.021129
9.325000,-23.203796,-0.020818
9.330000,-23.268075,-0.020512
9.335000,-23.332571,-0.020209
9.340000,-23.397287,-0.019909
9.345000,-23.462224,-0.019613
9.350000,-23.527384,-0.019320
9.355000,-23.592770,-0.019031
9.360000,-23.658383,-0.018745
9.365000,-23.724228,-0.018462
9.370000,-23.790305,-0.018183
9.375000,-23.856619,-0.017907
9.380000,-23.923172,-0.017634
9.385000,-23.989968,-0.017364
9.390000,-24.057010,-0.017098
9.395000,-24.124302,-0.016834
9.400000,-24.191847,-0.016574
9.405000,-24.259650,-0.016317
9.410000,-24.327715,-0.016063
9.415000,-24.396046,-0.015812
9.420000,-24.464649,-0.015563
9.425000,-24.533528,-0.015318
9.430000,-24.602688,-0.015076
9.435000,-24.672135,-0.014836
9.440000,-24.741875,-0.014599
9.445000,-24.811914,-0.014365
9.450000,-24.882257,-0.014134
9.455000,-24.952913,-0.013906
9.460000,-25.023887,-0.013680
9.465000,-25.095188,-0.013457
9.470000,-25.166822,-0.013236
9.475000,-25.238798,-0.013018
9.480000,-25.311125,-0.012803
9.485000,-25.383811,-0.012590
9.490000,-25.456865,-0.012380
9.495000,-25.530298,-0.012172
9.500000,-25.604119,-0.011967
9.505000,-25.678339,-0.011764
9.510000,-25.752969,-0.011563
9.515000,-25.828022,-0.011365
9.520000,-25.903508,-0.011168
9.525000,-25.979442,-0.010975
9.530000,-26.055836,-0.010783
9.535000,-26.132706,-0.010594
9.540000,-26.210065,-0.010406
9.545000,-26.287929,-0.010221
9.550000,-26.366314,-0.010038
9.555000,-26.445238,-0.009857
9.560000,-26.524719,-0.009678
9.565000,-26.604775,-0.009501
9.570000,-26.685426,-0.009326
9.575000,-26.766694,-0.009153
9.580000,-26.848599,-0.008982
9.585000,-26.931165,-0.008813
9.590000,-27.014415,-0.008645
9.595000,-27.098376,-0.008480
9.600000,-27.183074,-0.008316
9.605000,-27.268537,-0.008153
9.610000,-27.354794,-0.007993
9.615000,-27.441877,-0.007834
9.620000,-27.529819,-0.007677
9.625000,-27.618654,-0.007521
9.630000,-27.708418,-0.007367
9.635000,-27.799151,-0.007215
9.640000,-27.890893,-0.007064
9.645000,-27.983687,-0.006915
9.650000,-28.077579,-0.006767
9.655000,-28.172617,-0.006620
9.660000,-28.268851,-0.006475
9.665000,-28.366337,-0.006331
9.670000,-28.465131,-0.006188
9.675000,-28.565294,-0.006047
9.680000,-28.666891,-0.005907
9.685000,-28.769991,-0.005769
9.690000,-28.874667,-0.005631
9.695000,-28.980997,-0.005495
9.700000,-29.089064,-0.005360
9.705000,-29.198957,-0.005226
9.710000,-29.310770,-0.005093
9.715000,-29.424604,-0.004961
9.720000,-29.540569,-0.004830
9.725000,-29.658780,-0.004700
9.730000,-29.779361,-0.004572
9.735000,-29.902448,-0.004444
9.740000,-30.028184,-0.004317
9.745000,-30.156723,-0.004191
9.750000,-30.288235,-0.004066
9.755000,-30.422900,-0.003942
9.760000,-30.560913,-0.003818
9.765000,-30.702488,-0.003696
9.770000,-30.847854,-0.003574
9.775000,-30.997264,-0.003453
9.780000,-31.150990,-0.003333
9.785000,-31.309331,-0.003214
9.790000,-31.472615,-0.003095
9.795000,-31.641200,-0.002977
9.800000,-31.815482,-0.002860
9.805000,-31.995896,-0.002744
9.810000,-32.182923,-0.002628
9.815000,-32.377098,-0.002513
9.820000,-32.579015,-0.002399
9.825000,-32.789336,-0.002285
9.830000,-33.008806,-0.002173
9.835000,-33.238258,-0.002061
9.840000,-33.478637,-0.001950
9.845000,-33.731011,-0.001840
9.850000,-33.996600,-0.001731
9.855000,-34.276801,-0.001623
9.860000,-34.573221,-0.001515
9.865000,-34.887726,-0.001410
9.870000,-35.222494,-0.001305
9.875000,-35.580086,-0.001202
9.880000,-35.963542,-0.001100
9.885000,-36.376502,-0.001000
9.890000,-36.823374,-0.000903
9.895000,-37.309557,-0.000807
9.900000,-37.841765,-0.000714
9.905000,-38.428470,-0.000624
9.910000,-39.080582,-0.000537
9.915000,-39.812451,-0.000454
9.920000,-40.643481,-0.000375
9.925000,-41.600784,-0.000300
9.930000,-42.723858,-0.000232
9.935000,-44.073445,-0.000170
9.940000,-45.750055,-0.000116
9.945000,-47.938454,-0.000070
9.950000,-51.039500,-0.000034
9.955000,-56.238825,-0.000010
9.960000,-73.439181,-0.000000
9.965000,-58.505388,-0.000006
9.970000,-51.480306,-0.000031
9.975000,-47.469304,-0.000078
9.980000,-44.594941,-0.000151
9.985000,-42.319355,-0.000255
9.990000,-40.411699,-0.000395
9.995000,-38.751225,-0.000579
10.000000,-37.266601,-0.000815
10.005000,-35.911996,-0.001113
10.010000,-34.656074,-0.001487
10.015000,-33.476330,-0.001951
10.020000,-32.355948,-0.002525
10.025000,-31.281927,-0.003234
10.030000,-30.243928,-0.004108
10.035000,-29.233517,-0.005184
10.040000,-28.243687,-0.006512
10.045000,-27.268528,-0.008153
10.050000,-26.303037,-0.010186
10.055000,-25.343028,-0.012709
10.060000,-24.385136,-0.015851
10.065000,-23.426933,-0.019773
10.070000,-22.467188,-0.024677
10.075000,-21.506298,-0.030810
10.080000,-20.546966,-0.038459
10.085000,-19.595163,-0.047935
10.090000,-18.661390,-0.059513
10.095000,-17.762106,-0.073321
10.100000,-16.920865,-0.089154
10.105000,-16.168230,-0.106232
10.110000,-15.539085,-0.123029
10.115000,-15.066375,-0.137402
10.120000,-14.772275,-0.147194
10.125000,-14.660679,-0.151093
10.130000,-14.715586,-0.149162
10.135000,-14.906484,-0.142641
10.140000,-15.197201,-0.133262
10.145000,-15.553566,-0.122614
10.150000,-15.947591,-0.111841
10.155000,-16.358486,-0.101626
10.160000,-16.771892,-0.092300
10.165000,-17.178470,-0.083971
10.170000,-17.572508,-0.076623
10.175000,-17.950787,-0.070179
10.180000,-18.311740,-0.064540
10.185000,-18.654868,-0.059604
10.190000,-18.980337,-0.055273
10.195000,-19.288714,-0.051462
10.200000,-19.580796,-0.048096
10.205000,-19.857500,-0.045112
10.210000,-20.119786,-0.042455
10.215000,-20.368619,-0.040080
10.220000,-20.604941,-0.037948
10.225000,-20.829656,-0.036026
10.230000,-21.043624,-0.034288
10.235000,-21.247656,-0.032708
10.240000,-21.442516,-0.031268
10.245000,-21.628923,-0.029950
10.250000,-21.807553,-0.028739
10.255000,-21.979044,-0.027623
10.260000,-22.144000,-0.026590
10.265000,-22.302993,-0.025631
10.270000,-22.456571,-0.024738
10.275000,-22.605257,-0.023903
10.280000,-22.749556,-0.023120
10.285000,-22.889957,-0.022383
10.290000,-23.026937,-0.021686
10.295000,-23.160964,-0.021025
10.300000,-23.292498,-0.020397
10.305000,-23.421997,-0.019796
10.310000,-23.549915,-0.019220
10.315000,-23.676707,-0.018666
10.320000,-23.802832,-0.018131
10.325000,-23.928751,-0.017611
10.330000,-24.054930,-0.017106
10.335000,-24.181842,-0.016613
10.340000,-24.309965,-0.016129
10.345000,-24.439786,-0.015653
10.350000,-24.571796,-0.015183
10.355000,-24.706495,-0.014719
10.360000,-24.844386,-0.014258
10.365000,-24.985977,-0.013800
10.370000,-25.131777,-0.013344
10.375000,-25.282295,-0.012889
10.380000,-25.438034,-0.012434
10.385000,-25.599495,-0.011979
10.390000,-25.767163,-0.011525
10.395000,-25.941513,-0.011071
10.400000,-26.122997,-0.010617
10.405000,-26.312048,-0.010165
10.410000,-26.509068,-0.009713
10.415000,-26.714429,-0.009264
10.420000,-26.928469,-0.008818
10.425000,-27.151483,-0.008376
10.430000,-27.383729,-0.007940
10.435000,-27.625417,-0.007510
10.440000,-27.876713,-0.007087
10.445000,-28.137739,-0.006673
10.450000,-28.408567,-0.006270
10.455000,-28.689229,-0.005877
10.460000,-28.979713,-0.005496
10.465000,-29.279967,-0.005129
10.470000,-29.589906,-0.004775
10.475000,-29.909410,-0.004437
10.480000,-30.238336,-0.004113
10.485000,-30.576518,-0.003805
10.490000,-30.923772,-0.003512
10.495000,-31.279906,-0.003235
10.500000,-31.644721,-0.002975
10.505000,-32.018017,-0.002730
10.510000,-32.399598,-0.002500
10.515000,-32.789279,-0.002285
10.520000,-33.186885,-0.002085
10.525000,-33.592261,-0.001899
10.530000,-34.005270,-0.001727
10.535000,-34.425800,-0.001568
10.540000,-34.853768,-0.001420
10.545000,-35.289118,-0.001285
10.550000,-35.731826,-0.001160
10.555000,-36.181906,-0.001046
10.560000,-36.639406,-0.000942
10.565000,-37.104414,-0.000846
10.570000,-37.577063,-0.000759
10.575000,-38.057527,-0.000679
10.580000,-38.546030,-0.000607
10.585000,-39.042849,-0.000541
10.590000,-39.548314,-0.000482
10.595000,-40.062815,-0.000428
10.600000,-40.586809,-0.000379
10.605000,-41.120826,-0.000335
10.610000,-41.665473,-0.000296
10.615000,-42.221448,-0.000260
10.620000,-42.789549,-0.000228
10.625000,-43.370691,-0.000200
10.630000,-43.965916,-0.000174
10.635000,-44.576419,-0.000151
10.640000,-45.203575,-0.000131
10.645000,-45.848962,-0.000113
10.650000,-46.514412,-0.000097
10.655000,-47.202049,-0.000083
10.660000,-47.914366,-0.000070
10.665000,-48.654296,-0.000059
10.670000,-49.425330,-0.000050
10.675000,-50.231657,-0.000041
10.680000,-51.078366,-0.000034
10.685000,-51.971715,-0.000028
10.690000,-52.919521,-0.000022
10.695000,-53.931719,-0.000018
10.700000,-55.021206,-0.000014
10.705000,-56.205144,-0.000011
10.710000,-57.507080,-0.000008
10.715000,-58.960567,-0.000006
10.720000,-60.615789,-0.000004
10.725000,-62.552772,-0.000003
10.730000,-64.911064,-0.000002
10.735000,-67.968942,-0.000001
10.740000,-72.423899,-0.000000
10.745000,-81.222048,-0.000000
10.750000,-84.757787,-0.000000
10.755000,-74.191584,-0.000000
10.760000,-69.750137,-0.000001
10.765000,-66.956117,-0.000001
10.770000,-64.945180,-0.000002
10.775000,-63.393717,-0.000002
10.780000,-62.144811,-0.000003
10.785000,-61.110375,-0.000004
10.790000,-60.235999,-0.000004
10.795000,-59.485716,-0.000005
10.800000,-58.834513,-0.000006
10.805000,-58.264301,-0.000007
10.810000,-57.761575,-0.000008
10.815000,-57.315996,-0.000008
10.820000,-56.919472,-0.000009
10.825000,-56.565561,-0.000010
10.830000,-56.249050,-0.000011
10.835000,-55.965669,-0.000011
10.840000,-55.711877,-0.000012
10.845000,-55.484713,-0.000013
10.850000,-55.281674,-0.000013
10.855000,-55.100633,-0.000014
10.860000,-54.939769,-0.000014
10.865000,-54.797513,-0.000015
10.870000,-54.672511,-0.000015
10.875000,-54.563585,-0.000016
10.880000,-54.469711,-0.000016
10.885000,-54.389992,-0.000016
10.890000,-54.323648,-0.000017
10.895000,-54.269995,-0.000017
10.900000,-54.228435,-0.000017
10.905000,-54.198446,-0.000017
10.910000,-54.179574,-0.000017
10.915000,-54.171427,-0.000017
10.920000,-54.173667,-0.000017
10.925000,-54.186007,-0.000017
10.930000,-54.208206,-0.000017
10.935000,-54.240068,-0.000017
10.940000,-54.281435,-0.000017
10.945000,-54.332189,-0.000017
10.950000,-54.392250,-0.000016
10.955000,-54.461571,-0.000016
10.960000,-54.540144,-0.000016
10.965000,-54.627993,-0.000016
10.970000,-54.725179,-0.000015
10.975000,-54.831798,-0.000015
10.980000,-54.947982,-0.000015
10.985000,-55.073903,-0.000014
10.990000,-55.209770,-0.000014
10.995000,-55.355839,-0.000013
11.000000,-55.512408,-0.000013
11.005000,-55.679826,-0.000012
11.010000,-55.858494,-0.000012
11.015000,-56.048875,-0.000011
11.020000,-56.251496,-0.000011
11.025000,-56.466960,-0.000010
11.030000,-56.695950,-0.000010
11.035000,-56.939246,-0.000009
11.040000,-57.197736,-0.000009
11.045000,-57.472432,-0.000008
11.050000,-57.764495,-0.000008
11.055000,-58.075251,-0.000007
11.060000,-58.406234,-0.000007
11.065000,-58.759214,-0.000006
11.070000,-59.136255,-0.000006
11.075000,-59.539771,-0.000006
11.080000,-59.972612,-0.000005
11.085000,-60.438168,-0.000005
11.090000,-60.940511,-0.000004
11.095000,-61.484587,-0.000004
11.100000,-62.076480,-0.000003
11.105000,-62.723788,-0.000003
11.110000,-63.436157,-0.000003
11.115000,-64.226096,-0.000002
11.120000,-65.110219,-0.000002
11.125000,-66.111262,-0.000002
11.130000,-67.261506,-0.000002
11.135000,-68.608992,-0.000001
11.140000,-70.229801,-0.000001
11.145000,-72.255252,-0.000001
11.150000,-74.943010,-0.000001
11.155000,-78.919864,-0.000001
11.160000,-86.620624,-0.000001
11.165000,-93.672088,-0.000001
11.170000,-81.023187,-0.000001
11.175000,-76.036802,-0.000001
11.180000,-72.860563,-0.000001
11.185000,-70.518776,-0.000001
11.190000,-68.659636,-0.000001
11.195000,-67.115753,-0.000002
11.200000,-65.794244,-0.000002
11.205000,-64.638181,-0.000002
11.210000,-63.610142,-0.000003
11.215000,-62.684212,-0.000003
11.220000,-61.841705,-0.000004
11.225000,-61.068705,-0.000004
11.230000,-60.354579,-0.000005
11.235000,-59.691019,-0.000005
11.240000,-59.071417,-0.000006
11.245000,-58.490434,-0.000007
11.250000,-57.943702,-0.000008
11.255000,-57.427603,-0.000009
11.260000,-56.939116,-0.000010
11.265000,-56.475694,-0.000010
11.270000,-56.035178,-0.000012
11.275000,-55.615725,-0.000013
11.280000,-55.215760,-0.000014
11.285000,-54.833926,-0.000015
11.290000,-54.469061,-0.000016
11.295000,-54.120164,-0.000018
11.300000,-53.786376,-0.000019
11.305000,-53.466967,-0.000020
11.310000,-53.161317,-0.000022
11.315000,-52.868912,-0.000023
11.320000,-52.589331,-0.000025
11.325000,-52.322246,-0.000026
11.330000,-52.067410,-0.000028
11.335000,-51.824665,-0.000029
11.340000,-51.593936,-0.000031
11.345000,-51.375232,-0.000032
11.350000,-51.168654,-0.000034
11.355000,-50.974399,-0.000035
11.360000,-50.792766,-0.000037
11.365000,-50.624172,-0.000038
11.370000,-50.469160,-0.000040
11.375000,-50.328426,-0.000041
11.380000,-50.202838,-0.000042
11.385000,-50.093470,-0.000043
11.390000,-50.001642,-0.000044
11.395000,-49.928974,-0.000045
11.400000,-49.877457,-0.000045
11.405000,-49.849543,-0.000045
11.410000,-49.848277,-0.000045
11.415000,-49.877459,-0.000045
11.420000,-49.941889,-0.000044
11.425000,-50.047705,-0.000043
11.430000,-50.202874,-0.000042
11.435000,-50.417933,-0.000040
11.440000,-50.707137,-0.000037
11.445000,-51.090311,-0.000034
11.450000,-51.595999,-0.000030
11.455000,-52.267154,-0.000026
11.460000,-53.172300,-0.000021
11.465000,-54.429935,-0.000016
11.470000,-56.270966,-0.000010
11.475000,-59.243579,-0.000005
11.480000,-65.312698,-0.000001
11.485000,-77.235005,0.000000
11.490000,-60.107229,-0.000004
11.495000,-53.707227,-0.000018
11.500000,-49.251875,-0.000051
11.505000,-45.577909,-0.000119
11.510000,-42.261913,-0.000257
11.515000,-39.075800,-0.000535
11.520000,-35.852031,-0.001126
11.525000,-32.430628,-0.002479
11.530000,-28.648019,-0.005929
11.535000,-24.515139,-0.015380
11.540000,-21.384027,-0.031693
11.545000,-21.897249,-0.028143
11.550000,-24.079621,-0.017006
11.555000,-25.978288,-0.010977
11.560000,-27.405436,-0.007901
11.565000,-28.474307,-0.006176
11.570000,-29.288154,-0.005121
11.575000,-29.917965,-0.004429
11.580000,-30.411437,-0.003954
11.585000,-30.801252,-0.003614
11.590000,-31.110427,-0.003366
11.595000,-31.355616,-0.003181
11.600000,-31.549160,-0.003042
11.605000,-31.700403,-0.002938
11.610000,-31.816557,-0.002861
11.615000,-31.903274,-0.002804
11.620000,-31.965053,-0.002764
11.625000,-32.005519,-0.002739
11.630000,-32.027628,-0.002725
11.635000,-32.033813,-0.002721
11.640000,-32.026096,-0.002726
11.645000,-32.006173,-0.002738
11.650000,-31.975473,-0.002758
11.655000,-31.935213,-0.002783
11.660000,-31.886434,-0.002815
11.665000,-31.830031,-0.002851
11.670000,-31.766777,-0.002893
11.675000,-31.697346,-0.002940
11.680000,-31.622325,-0.002991
11.685000,-31.542229,-0.003047
11.690000,-31.457512,-0.003107
11.695000,-31.368575,-0.003171
11.700000,-31.275773,-0.003239
11.705000,-31.179421,-0.003312
11.710000,-31.079803,-0.003389
11.715000,-30.977169,-0.003470
11.720000,-30.871747,-0.003555
11.725000,-30.763740,-0.003645
11.730000,-30.653333,-0.003739
11.735000,-30.540692,-0.003837
11.740000,-30.425966,-0.003940
11.745000,-30.309295,-0.004047
11.750000,-30.190801,-0.004159
11.755000,-30.070601,-0.004276
11.760000,-29.948797,-0.004397
11.765000,-29.825485,-0.004524
11.770000,-29.700755,-0.004656
11.775000,-29.574687,-0.004793
11.780000,-29.447356,-0.004936
11.785000,-29.318832,-0.005084
11.790000,-29.189180,-0.005238
11.795000,-29.058461,-0.005398
11.800000,-28.926730,-0.005564
11.805000,-28.794042,-0.005737
11.810000,-28.660445,-0.005916
11.815000,-28.525988,-0.006103
11.820000,-28.390715,-0.006296
11.825000,-28.254669,-0.006496
11.830000,-28.117890,-0.006704
11.835000,-27.980419,-0.006920
11.840000,-27.842292,-0.007144
11.845000,-27.703547,-0.007376
11.850000,-27.564219,-0.007616
11.855000,-27.424344,-0.007866
11.860000,-27.283955,-0.008125
11.865000,-27.143087,-0.008393
11.870000,-27.001774,-0.008671
11.875000,-26.860048,-0.008958
11.880000,-26.717944,-0.009257
11.885000,-26.575495,-0.009566
11.890000,-26.432735,-0.009886
11.895000,-26.289699,-0.010217
11.900000,-26.146421,-0.010560
11.905000,-26.002937,-0.010915
11.910000,-25.859283,-0.011283
11.915000,-25.715497,-0.011663
11.920000,-25.571617,-0.012057
11.925000,-25.427681,-0.012463
11.930000,-25.283731,-0.012884
11.935000,-25.139807,-0.013319
11.940000,-24.995953,-0.013768
11.945000,-24.852213,-0.014232
11.950000,-24.708632,-0.014711
11.955000,-24.565259,-0.015206
11.960000,-24.422142,-0.015716
11.965000,-24.279331,-0.016243
11.970000,-24.136880,-0.016785
11.975000,-23.994842,-0.017344
11.980000,-23.853273,-0.017920
11.985000,-23.712231,-0.018513
11.990000,-23.571776,-0.019123
11.995000,-23.431969,-0.019750
12.000000,-23.292874,-0.020394
12.005000,-23.154555,-0.021056
12.010000,-23.017080,-0.021735
12.015000,-22.880517,-0.022431
12.020000,-22.744937,-0.023144
12.025000,-22.610411,-0.023874
12.030000,-22.477013,-0.024621
12.035000,-22.344818,-0.025384
12.040000,-22.213901,-0.026164
12.045000,-22.084339,-0.026958
12.050000,-21.956210,-0.027768
12.055000,-21.829593,-0.028592
12.060000,-21.704566,-0.029430
12.065000,-21.581209,-0.030281
12.070000,-21.459600,-0.031144
12.075000,-21.339818,-0.032018
12.080000,-21.221941,-0.032903
12.085000,-21.106046,-0.033796
12.090000,-20.992208,-0.034697
12.095000,-20.880503,-0.035605
12.100000,-20.771000,-0.036518
12.105000,-20.663771,-0.037435
12.110000,-20.558882,-0.038354
12.115000,-20.456397,-0.039274
12.120000,-20.356375,-0.040193
12.125000,-20.258875,-0.041110
12.130000,-20.163948,-0.042023
12.135000,-20.071641,-0.042930
12.140000,-19.981999,-0.043830
12.145000,-19.895058,-0.044721
12.150000,-19.810852,-0.045601
12.155000,-19.729408,-0.046469
12.160000,-19.650747,-0.047323
12.165000,-19.574884,-0.048162
12.170000,-19.501829,-0.048983
12.175000,-19.431585,-0.049787
12.180000,-19.364149,-0.050570
12.185000,-19.299511,-0.051333
12.190000,-19.237657,-0.052074
12.195000,-19.178565,-0.052792
12.200000,-19.122207,-0.053485
12.205000,-19.068551,-0.054154
12.210000,-19.017558,-0.054798
12.215000,-18.969184,-0.055416
12.220000,-18.923380,-0.056007
12.225000,-18.880091,-0.056572
12.230000,-18.839260,-0.057110
12.235000,-18.800823,-0.057621
12.240000,-18.764715,-0.058105
12.245000,-18.730865,-0.058563
12.250000,-18.699201,-0.058994
12.255000,-18.669646,-0.059400
12.260000,-18.642123,-0.059780
12.265000,-18.616551,-0.060136
12.270000,-18.592849,-0.060467
12.275000,-18.570933,-0.060775
12.280000,-18.550720,-0.061061
12.285000,-18.532124,-0.061325
12.290000,-18.515061,-0.061568
12.295000,-18.499446,-0.061791
12.300000,-18.485193,-0.061996
12.305000,-18.472218,-0.062182
12.310000,-18.460437,-0.062353
12.315000,-18.449768,-0.062507
12.320000,-18.440129,-0.062647
12.325000,-18.431438,-0.062773
12.330000,-18.423618,-0.062887
12.335000,-18.416590,-0.062990
12.340000,-18.410279,-0.063082
12.345000,-18.404609,-0.063165
12.350000,-18.399510,-0.063240
12.355000,-18.394911,-0.063307
12.360000,-18.390742,-0.063369
12.365000,-18.386938,-0.063425
12.370000,-18.383433,-0.063476
12.375000,-18.380166,-0.063524
12.380000,-18.377076,-0.063570
12.385000,-18.374104,-0.063614
12.390000,-18.371193,-0.063657
12.395000,-18.368289,-0.063700
12.400000,-18.365339,-0.063743
12.405000,-18.362292,-0.063788
12.410000,-18.359100,-0.063835
12.415000,-18.355715,-0.063886
12.420000,-18.352091,-0.063939
12.425000,-18.348185,-0.063997
12.430000,-18.343954,-0.064060
12.435000,-18.339358,-0.064128
12.440000,-18.334358,-0.064203
12.445000,-18.328915,-0.064284
12.450000,-18.322995,-0.064372
12.455000,-18.316561,-0.064468
12.460000,-18.309580,-0.064573
12.465000,-18.302020,-0.064686
12.470000,-18.293849,-0.064809
12.475000,-18.285036,-0.064942
12.480000,-18.275553,-0.065085
12.485000,-18.265371,-0.065239
12.490000,-18.254463,-0.065404
12.495000,-18.242802,-0.065581
12.500000,-18.230362,-0.065771
12.505000,-18.217118,-0.065973
12.510000,-18.203045,-0.066189
12.515000,-18.188121,-0.066418
12.520000,-18.172321,-0.066662
12.525000,-18.155623,-0.066921
12.530000,-18.138005,-0.067195
12.535000,-18.119444,-0.067485
12.540000,-18.099919,-0.067792
12.545000,-18.079409,-0.068115
12.550000,-18.057893,-0.068456
12.555000,-18.035351,-0.068815
12.560000,-18.011761,-0.069193
12.565000,-17.987104,-0.069590
12.570000,-17.961358,-0.070007
12.575000,-17.934505,-0.070445
12.580000,-17.906524,-0.070904
12.585000,-17.877394,-0.071385
12.590000,-17.847095,-0.071889
12.595000,-17.815607,-0.072417
12.600000,-17.782909,-0.072969
12.605000,-17.748980,-0.073546
12.610000,-17.713800,-0.074149
12.615000,-17.677347,-0.074780
12.620000,-17.639600,-0.075438
12.625000,-17.600536,-0.076126
12.630000,-17.560133,-0.076844
12.635000,-17.518369,-0.077593
12.640000,-17.475221,-0.078375
12.645000,-17.430663,-0.079190
12.650000,-17.384673,-0.080041
12.655000,-17.337225,-0.080929
12.660000,-17.288293,-0.081854
12.665000,-17.237852,-0.082820
12.670000,-17.185873,-0.083827
12.675000,-17.132330,-0.084877
12.680000,-17.077193,-0.085972
12.685000,-17.020432,-0.087114
12.690000,-16.962017,-0.088306
12.695000,-16.901917,-0.089549
12.700000,-16.840097,-0.090847
12.705000,-16.776526,-0.092201
12.710000,-16.711166,-0.093614
12.715000,-16.643981,-0.095089
12.720000,-16.574934,-0.096630
12.725000,-16.503986,-0.098240
12.730000,-16.431094,-0.099922
12.735000,-16.356217,-0.101680
12.740000,-16.279311,-0.103519
12.745000,-16.200328,-0.105442
12.750000,-16.119222,-0.107454
12.755000,-16.035941,-0.109561
12.760000,-15.950435,-0.111768
12.765000,-15.862647,-0.114080
12.770000,-15.772521,-0.116505
12.775000,-15.679997,-0.119048
12.780000,-15.585013,-0.121718
12.785000,-15.487504,-0.124522
12.790000,-15.387402,-0.127468
12.795000,-15.284635,-0.130567
12.800000,-15.179127,-0.133828
12.805000,-15.070801,-0.137262
12.810000,-14.959573,-0.140881
12.815000,-14.845357,-0.144698
12.820000,-14.728063,-0.148728
12.825000,-14.607593,-0.152986
12.830000,-14.483848,-0.157489
12.835000,-14.356721,-0.162256
12.840000,-14.226101,-0.167306
12.845000,-14.091870,-0.172664
12.850000,-13.953903,-0.178353
12.855000,-13.812069,-0.184402
12.860000,-13.666231,-0.190839
12.865000,-13.516241,-0.197700
12.870000,-13.361946,-0.205022
12.875000,-13.203181,-0.212846
12.880000,-13.039774,-0.221218
12.885000,-12.871541,-0.230191
12.890000,-12.698288,-0.239823
12.895000,-12.519809,-0.250180
12.900000,-12.335887,-0.261335
12.905000,-12.146289,-0.273371
12.910000,-11.950771,-0.286383
12.915000,-11.749073,-0.300479
12.920000,-11.540918,-0.315781
12.925000,-11.326016,-0.332428
12.930000,-11.104056,-0.350582
12.935000,-10.874713,-0.370427
12.940000,-10.637640,-0.392176
12.945000,-10.392475,-0.416078
12.950000,-10.138837,-0.442419
12.955000,-9.876326,-0.471536
12.960000,-9.604529,-0.503824
12.965000,-9.323019,-0.539747
12.970000,-9.031361,-0.579854
12.975000,-8.729117,-0.624796
12.980000,-8.415859,-0.675349
12.985000,-8.091180,-0.732443
12.990000,-7.754713,-0.797192
12.995000,-7.406163,-0.870938
13.000000,-7.045338,-0.955301
13.005000,-6.672206,-1.052238
13.010000,-6.286965,-1.164110
13.015000,-5.890138,-1.293760
13.020000,-5.482703,-1.444585
13.025000,-5.066255,-1.620582
13.030000,-4.643232,-1.826346
13.035000,-4.217168,-2.066913
13.040000,-3.793017,-2.347341
13.045000,-3.377476,-2.671762
13.050000,-2.979289,-3.041534
13.055000,-2.609400,-3.452006
13.060000,-2.280816,-3.887553
13.065000,-2.007983,-4.315621
13.070000,-1.805539,-4.683313
13.075000,-1.686480,-4.924019
13.080000,-1.660055,-4.980239
13.085000,-1.730015,-4.833675
13.090000,-1.893836,-4.516983
13.095000,-2.143242,-4.094771
13.100000,-2.465821,-3.632960
13.105000,-2.847101,-3.179873
13.110000,-3.272481,-2.763050
13.115000,-3.728608,-2.394108
13.120000,-4.204107,-2.074893
13.125000,-4.689811,-1.802193
13.130000,-5.178639,-1.570690
13.135000,-5.665326,-1.374578
13.140000,-6.146083,-1.208353
13.145000,-6.618285,-1.067138
13.150000,-7.080190,-0.946769
13.155000,-7.530718,-0.843757
13.160000,-7.969271,-0.755216
13.165000,-8.395600,-0.678767
13.170000,-8.809701,-0.612460
13.175000,-9.211742,-0.554689
13.180000,-9.602007,-0.504135
13.185000,-9.980854,-0.459707
13.190000,-10.348689,-0.420505
13.195000,-10.705941,-0.385777
13.200000,-11.053050,-0.354898
13.205000,-11.390458,-0.327343
13.210000,-11.718596,-0.302671
13.215000,-12.037886,-0.280508
13.220000,-12.348735,-0.260539
13.225000,-12.651530,-0.242493
13.230000,-12.946644,-0.226140
13.235000,-13.234428,-0.211282
13.240000,-13.515218,-0.197748
13.245000,-13.789331,-0.185391
13.250000,-14.057065,-0.174082
13.255000,-14.318705,-0.163709
13.260000,-14.574517,-0.154177
13.265000,-14.824754,-0.145398
13.270000,-15.069655,-0.137298
13.275000,-15.309443,-0.129812
13.280000,-15.544333,-0.122880
13.285000,-15.774524,-0.116450
13.290000,-16.000206,-0.110478
13.295000,-16.221558,-0.104921
13.300000,-16.438752,-0.099744
13.305000,-16.651946,-0.094913
13.310000,-16.861295,-0.090400
13.315000,-17.066941,-0.086177
13.320000,-17.269022,-0.082222
13.325000,-17.467669,-0.078512
13.330000,-17.663004,-0.075029
13.335000,-17.855145,-0.071755
13.340000,-18.044203,-0.068674
13.345000,-18.230286,-0.065772
13.350000,-18.413494,-0.063035
13.355000,-18.593924,-0.060452
13.360000,-18.771668,-0.058012
13.365000,-18.946814,-0.055704
13.370000,-19.119446,-0.053520
13.375000,-19.289644,-0.051451
13.380000,-19.457486,-0.049489
13.385000,-19.623044,-0.047628
13.390000,-19.786389,-0.045860
13.395000,-19.947589,-0.044181
13.400000,-20.106708,-0.042583
13.405000,-20.263808,-0.041063
13.410000,-20.418950,-0.039616
13.415000,-20.572190,-0.038236
13.420000,-20.723584,-0.036921
13.425000,-20.873185,-0.035665
13.430000,-21.021043,-0.034467
13.435000,-21.167209,-0.033322
13.440000,-21.311729,-0.032227
13.445000,-21.454650,-0.031180
13.450000,-21.596015,-0.030178
13.455000,-21.735868,-0.029219
13.460000,-21.874248,-0.028299
13.465000,-22.011198,-0.027418
13.470000,-22.146754,-0.026573
13.475000,-22.280954,-0.025762
13.480000,-22.413834,-0.024983
13.485000,-22.545430,-0.024236
13.490000,-22.675776,-0.023517
13.495000,-22.804904,-0.022826
13.500000,-22.932846,-0.022162
13.505000,-23.059634,-0.021523
13.510000,-23.185298,-0.020907
13.515000,-23.309867,-0.020315
13.520000,-23.433370,-0.019744
13.525000,-23.555835,-0.019194
13.530000,-23.677289,-0.018663
13.535000,-23.797758,-0.018152
13.540000,-23.917269,-0.017658
13.545000,-24.035846,-0.017181
13.550000,-24.153514,-0.016721
13.555000,-24.270298,-0.016277
13.560000,-24.386220,-0.015847
13.565000,-24.501305,-0.015432
13.570000,-24.615574,-0.015031
13.575000,-24.729049,-0.014642
13.580000,-24.841753,-0.014267
13.585000,-24.953707,-0.013903
13.590000,-25.064931,-0.013551
13.595000,-25.175446,-0.013210
13.600000,-25.285273,-0.012880
13.605000,-25.394430,-0.012559
13.610000,-25.502939,-0.012249
13.615000,-25.610817,-0.011948
13.620000,-25.718084,-0.011656
13.625000,-25.824759,-0.011373
13.630000,-25.930860,-0.011098
13.635000,-26.036405,-0.010831
13.640000,-26.141413,-0.010572
13.645000,-26.245902,-0.010321
13.650000,-26.349888,-0.010076
13.655000,-26.453390,-0.009839
13.660000,-26.556425,-0.009608
13.665000,-26.659010,-0.009383
13.670000,-26.761163,-0.009165
13.675000,-26.862900,-0.008952
13.680000,-26.964239,-0.008746
13.685000,-27.065195,-0.008544
13.690000,-27.165787,-0.008349
13.695000,-27.266030,-0.008158
13.700000,-27.365942,-0.007972
13.705000,-27.465539,-0.007791
13.710000,-27.564838,-0.007615
13.715000,-27.663856,-0.007443
13.720000,-27.762608,-0.007276
13.725000,-27.861113,-0.007112
13.730000,-27.959386,-0.006953
13.735000,-28.057445,-0.006798
13.740000,-28.155306,-0.006646
13.745000,-28.252986,-0.006498
13.750000,-28.350503,-0.006354
13.755000,-28.447873,-0.006213
13.760000,-28.545114,-0.006075
13.765000,-28.642244,-0.005941
13.770000,-28.739280,-0.005809
13.775000,-28.836239,-0.005681
13.780000,-28.933140,-0.005555
13.785000,-29.030002,-0.005433
13.790000,-29.126841,-0.005313
13.795000,-29.223678,-0.005196
13.800000,-29.320530,-0.005081
13.805000,-29.417417,-0.004969
13.810000,-29.514359,-0.004859
13.815000,-29.611376,-0.004752
13.820000,-29.708487,-0.004646
13.825000,-29.805713,-0.004543
13.830000,-29.903075,-0.004443
13.835000,-30.000594,-0.004344
13.840000,-30.098292,-0.004247
13.845000,-30.196191,-0.004153
13.850000,-30.294314,-0.004060
13.855000,-30.392684,-0.003969
13.860000,-30.491325,-0.003879
13.865000,-30.590260,-0.003792
13.870000,-30.689516,-0.003706
13.875000,-30.789116,-0.003622
13.880000,-30.889088,-0.003540
13.885000,-30.989459,-0.003459
13.890000,-31.090255,-0.003379
13.895000,-31.191506,-0.003302
13.900000,-31.293241,-0.003225
13.905000,-31.395490,-0.003150
13.910000,-31.498283,-0.003076
13.915000,-31.601654,-0.003004
13.920000,-31.705634,-0.002933
13.925000,-31.810259,-0.002863
13.930000,-31.915563,-0.002794
13.935000,-32.021584,-0.002727
13.940000,-32.128358,-0.002661
13.945000,-32.235926,-0.002596
13.950000,-32.344327,-0.002532
13.955000,-32.453604,-0.002469
13.960000,-32.563800,-0.002407
13.965000,-32.674962,-0.002346
13.970000,-32.787136,-0.002286
13.975000,-32.900371,-0.002227
13.980000,-33.014720,-0.002170
13.985000,-33.130234,-0.002113
13.990000,-33.246971,-0.002057
13.995000,-33.364987,-0.002002
14.000000,-33.484345,-0.001947
